sys_id,number,state,incident_state,active,category,subcategory,contact_type,caller_id,opened_by,assigned_to,assignment_group,business_service,cmdb_ci,company,location,impact,urgency,priority,severity,short_description,description,work_notes,close_code,close_notes,resolved_by,caused_by,problem_id,parent_incident,reopen_count,u_security_incident,u_splunk_notable_event_id,u_splunk_correlation_search,u_mitre_tactic,u_mitre_technique,u_es_risk_object,u_es_risk_score,sys_created_on,opened_at,resolved_at,closed_at,sys_updated_on,vendor,product,vendor_product,dvc,instance,cim_data_model,cim_dataset,tag,action,change_type,object,object_id,object_category,object_type,object_attrs,result,result_id,status,user,src_user,dest,dest_name,ticket_id,ticket_type,ticket_status
e422f751d7be2274fda15b362d9e7df2,INC0010001,Resolved,Resolved,false,Security,Credential Access,monitoring,SOC Automation,SOC Automation,Cameron Foster,Security Operations,Corporate VPN,vpn-gw-01,Northwind Financial,Dallas - SOC,1 - High,1 - High,1 - Critical,critical,Multiple failed VPN logins followed by success for JPatel,Splunk ES detected repeated authentication failures followed by a successful VPN login for JPatel.,SOC triage opened from Splunk ES correlation results for vpn-gw-01. Splunk notable NE-2026-05-18-0007 linked.,Solved Remotely (Permanently),"Demo record resolved after triage, containment, and validation.",Alex Hughes,,,,0,true,NE-2026-05-18-0007,ESCU - Excessive VPN Authentication Failures,Credential Access,T1110,vpn-gw-01,94,2026-07-05 15:09:00,2026-07-05 15:09:00,2026-07-07 18:36:00,,2026-07-07 18:36:00,ServiceNow,IT Service Management,ServiceNow IT Service Management,synthetic-servicenow,synthetic-demo,Change,All_Changes,change,updated,service_management,INC0010001,e422f751d7be2274fda15b362d9e7df2,Security,incident,"business_service=Corporate VPN,priority=1 - Critical,security_incident=true",Resolved,INC0010001,success,SOC Automation,SOC Automation,vpn-gw-01,vpn-gw-01,INC0010001,incident,Resolved
e578e071f54927640b31224fa7cf0660,INC0010002,Resolved,Resolved,false,Security,Malware,event,SOC Automation,SOC Automation,Casey Ortiz,Security Operations,Security Monitoring,edr-mgmt-01,Northwind Financial,Dallas - SOC,1 - High,2 - Medium,2 - High,high,EDR malware quarantine on fin-lt-014,Endpoint detection quarantined suspicious payload and submitted telemetry for triage.,SOC triage opened from Splunk ES correlation results for edr-mgmt-01. Splunk notable NE-2026-05-19-0009 linked.,Solved Remotely (Permanently),"Demo record resolved after triage, containment, and validation.",Jordan Kim,,,,1,true,NE-2026-05-19-0009,ESCU - Malware Outbreak Detected,Execution,T1204,edr-mgmt-01,60,2026-07-06 17:50:00,2026-07-06 17:50:00,2026-07-08 05:01:00,,2026-07-08 05:01:00,ServiceNow,IT Service Management,ServiceNow IT Service Management,synthetic-servicenow,synthetic-demo,Change,All_Changes,change,updated,service_management,INC0010002,e578e071f54927640b31224fa7cf0660,Security,incident,"business_service=Security Monitoring,priority=2 - High,security_incident=true",Resolved,INC0010002,success,SOC Automation,SOC Automation,edr-mgmt-01,edr-mgmt-01,INC0010002,incident,Resolved
00d3e9528c5ac196c7df0736f4cd6506,INC0010003,Resolved,Resolved,false,Security,Data Loss,phone,SOC Automation,SOC Automation,Casey Morris,Security Operations,Card Processing,prd-sql-pay-01,Northwind Financial,Dallas - SOC,1 - High,1 - High,1 - Critical,critical,High database latency after card processing patch,Splunk ES risk rules identified high-volume outbound transfer outside the normal peer group.,SOC triage opened from Splunk ES correlation results for prd-sql-pay-01.,Solved Remotely (Permanently),"Demo record resolved after triage, containment, and validation.",Reese Hughes,CHG0030003,,,0,true,,ESCU - High Volume Data Transfer to External Destination,Exfiltration,T1041,prd-sql-pay-01,57,2026-07-07 19:30:00,2026-07-07 19:30:00,2026-07-08 18:15:00,,2026-07-08 18:15:00,ServiceNow,IT Service Management,ServiceNow IT Service Management,synthetic-servicenow,synthetic-demo,Change,All_Changes,change,updated,service_management,INC0010003,00d3e9528c5ac196c7df0736f4cd6506,Security,incident,"business_service=Card Processing,priority=1 - Critical,security_incident=true",Resolved,INC0010003,success,SOC Automation,SOC Automation,prd-sql-pay-01,prd-sql-pay-01,INC0010003,incident,Resolved
20ba109edd57c908925c93d2f8eef5eb,INC0010004,Resolved,Resolved,false,Security,Privilege Escalation,self-service,SOC Automation,SOC Automation,Emerson Kim,Security Operations,Online Banking,waf-edge-02,Northwind Financial,Dallas - SOC,2 - Medium,1 - High,2 - High,high,Web exploit attempt against online banking perimeter,Identity audit logs showed a privileged group membership change requiring validation.,SOC triage opened from Splunk ES correlation results for waf-edge-02. Splunk notable NE-2026-05-20-0014 linked.,Solved Remotely (Permanently),"Demo record resolved after triage, containment, and validation.",Jamie Morris,CHG0030004,,,0,true,NE-2026-05-20-0014,ESCU - Windows AD Privileged Group Modification,Privilege Escalation,T1098,waf-edge-02,35,2026-07-08 16:08:00,2026-07-08 16:08:00,2026-07-09 07:51:00,,2026-07-09 07:51:00,ServiceNow,IT Service Management,ServiceNow IT Service Management,synthetic-servicenow,synthetic-demo,Change,All_Changes,change,updated,service_management,INC0010004,20ba109edd57c908925c93d2f8eef5eb,Security,incident,"business_service=Online Banking,priority=2 - High,security_incident=true",Resolved,INC0010004,success,SOC Automation,SOC Automation,waf-edge-02,waf-edge-02,INC0010004,incident,Resolved
64a07482594016a22976b739bbc5945d,INC0010005,Resolved,Resolved,false,Security,Defense Evasion,event,SOC Automation,SOC Automation,Sydney Walker,Security Operations,Data Warehouse,dw-etl-01,Northwind Financial,Dallas - SOC,1 - High,2 - Medium,2 - High,high,Unusual outbound data transfer from dw-etl-01,Critical asset stopped reporting EDR telemetry during active investigation window.,SOC triage opened from Splunk ES correlation results for dw-etl-01. Splunk notable NE-2026-05-21-0004 linked.,Solved Remotely (Permanently),"Demo record resolved after triage, containment, and validation.",Sydney Walker,,,,0,true,NE-2026-05-21-0004,ESCU - Endpoint Security Agent Tampering,Defense Evasion,T1562,dw-etl-01,53,2026-07-09 18:04:00,2026-07-09 18:04:00,2026-07-09 19:30:00,,2026-07-09 19:30:00,ServiceNow,IT Service Management,ServiceNow IT Service Management,synthetic-servicenow,synthetic-demo,Change,All_Changes,change,updated,service_management,INC0010005,64a07482594016a22976b739bbc5945d,Security,incident,"business_service=Data Warehouse,priority=2 - High,security_incident=true",Resolved,INC0010005,success,SOC Automation,SOC Automation,dw-etl-01,dw-etl-01,INC0010005,incident,Resolved
7992d9cb530ecca24110ab153f7592e0,INC0010006,Resolved,Resolved,false,Security,Credential Access,phone,SOC Automation,SOC Automation,Parker Patel,Security Operations,Customer Identity,idp-prd-01,Northwind Financial,Dallas - SOC,2 - Medium,2 - Medium,3 - Moderate,medium,Privileged group membership change for AReed,Splunk ES detected repeated authentication failures followed by a successful VPN login for JPatel.,SOC triage opened from Splunk ES correlation results for idp-prd-01. Splunk notable NE-2026-05-22-0006 linked.,Solved Remotely (Permanently),"Demo record resolved after triage, containment, and validation.",Drew Foster,,,,0,true,NE-2026-05-22-0006,ESCU - Excessive VPN Authentication Failures,Credential Access,T1110,idp-prd-01,94,2026-07-10 20:15:00,2026-07-10 20:15:00,2026-07-11 10:37:00,,2026-07-11 10:37:00,ServiceNow,IT Service Management,ServiceNow IT Service Management,synthetic-servicenow,synthetic-demo,Change,All_Changes,change,updated,service_management,INC0010006,7992d9cb530ecca24110ab153f7592e0,Security,incident,"business_service=Customer Identity,priority=3 - Moderate,security_incident=true",Resolved,INC0010006,success,SOC Automation,SOC Automation,idp-prd-01,idp-prd-01,INC0010006,incident,Resolved
0d1e4e8e6821b8bc1996516dc10d608e,INC0010007,Resolved,Resolved,false,Application,Availability,phone,Jordan Kim,Jordan Kim,Riley Jensen,Linux Platform,ERP Finance,lt-erp-fina-06,Apex Manufacturing,Chicago - Data Center,2 - Medium,2 - Medium,3 - Moderate,medium,ERP Finance transaction failures,Synthetic monitoring shows transaction failures above threshold.,Service desk triage notes captured for lt-erp-fina-06; owner group notified.,Not Solved (Not Reproducible),"Demo record resolved after triage, containment, and validation.",Kai Lewis,,,,0,false,,,,,,,2026-07-05 07:39:25,2026-07-05 07:39:25,2026-07-05 16:22:25,,2026-07-05 16:22:25,ServiceNow,IT Service Management,ServiceNow IT Service Management,synthetic-servicenow,synthetic-demo,Change,All_Changes,change,updated,service_management,INC0010007,0d1e4e8e6821b8bc1996516dc10d608e,Application,incident,"business_service=ERP Finance,priority=3 - Moderate,security_incident=false",Resolved,INC0010007,success,Jordan Kim,Jordan Kim,lt-erp-fina-06,lt-erp-fina-06,INC0010007,incident,Resolved
e7a5877caed70f5b906fdb37f06f3695,INC0010008,Closed,Closed,false,Application,Availability,email,Kai Jensen,Kai Jensen,Kai Diaz,Application Support,Payments API,prd-pay-api-02,Apex Manufacturing,Dallas - SOC,3 - Low,2 - Medium,4 - Low,low,Payments API transaction failures,Synthetic monitoring shows transaction failures above threshold.,Service desk triage notes captured for prd-pay-api-02; owner group notified.,Solved Work Around,"Demo record resolved after triage, containment, and validation.",Cameron Foster,,,,0,false,,,,,,,2026-05-10 11:46:07,2026-05-10 11:46:07,2026-05-13 02:08:07,2026-05-13 13:08:07,2026-05-13 13:08:07,ServiceNow,IT Service Management,ServiceNow IT Service Management,synthetic-servicenow,synthetic-demo,Change,All_Changes,change,updated,service_management,INC0010008,e7a5877caed70f5b906fdb37f06f3695,Application,incident,"business_service=Payments API,priority=4 - Low,security_incident=false",Closed,INC0010008,success,Kai Jensen,Kai Jensen,prd-pay-api-02,prd-pay-api-02,INC0010008,incident,Closed
ae6443f98cc823d223e4e1318b7c5593,INC0010009,Closed,Closed,false,Cloud,Access,self-service,Alex Vasquez,Alex Vasquez,Quinn Lewis,Application Support,Online Banking,web-online-b-24,Northwind Financial,New York - HQ,3 - Low,3 - Low,5 - Planning,informational,Cloud role assignment review requested,Access governance workflow requires owner approval.,Service desk triage notes captured for web-online-b-24; owner group notified.,Solved Work Around,"Demo record resolved after triage, containment, and validation.",Alex Hughes,CHG0030020,,,1,false,,,,,,,2026-06-12 14:51:31,2026-06-12 14:51:31,2026-06-14 17:55:31,2026-06-15 12:55:31,2026-06-15 12:55:31,ServiceNow,IT Service Management,ServiceNow IT Service Management,synthetic-servicenow,synthetic-demo,Change,All_Changes,change,updated,service_management,INC0010009,ae6443f98cc823d223e4e1318b7c5593,Cloud,incident,"business_service=Online Banking,priority=5 - Planning,security_incident=false",Closed,INC0010009,success,Alex Vasquez,Alex Vasquez,web-online-b-24,web-online-b-24,INC0010009,incident,Closed
c599214bc9153824845cdeae29594c75,INC0010010,New,New,true,Hardware,Disk,self-service,Jamie Kim,Jamie Kim,Avery Reed,Service Desk,Data Warehouse,lt-data-war-34,Northwind Financial,New York - HQ,3 - Low,1 - High,3 - Moderate,medium,Disk capacity warning on lt-data-war-34,Filesystem utilization crossed operational threshold.,Service desk triage notes captured for lt-data-war-34; owner group notified.,,,,,,,0,false,,,,,,,2026-06-10 06:35:23,2026-06-10 06:35:23,,,2026-06-10 11:37:23,ServiceNow,IT Service Management,ServiceNow IT Service Management,synthetic-servicenow,synthetic-demo,Change,All_Changes,change,created,service_management,INC0010010,c599214bc9153824845cdeae29594c75,Hardware,incident,"business_service=Data Warehouse,priority=3 - Moderate,security_incident=false",New,INC0010010,success,Jamie Kim,Jamie Kim,lt-data-war-34,lt-data-war-34,INC0010010,incident,New
cc275b571d849bc44817ca52b9e9f46e,INC0010011,Resolved,Resolved,false,Cloud,Access,self-service,Jamie Morris,Jamie Morris,Sydney Walker,Security Operations,Card Processing,web-card-pro-21,Contoso Health,Remote,3 - Low,2 - Medium,4 - Low,low,Cloud role assignment review requested,Access governance workflow requires owner approval.,Service desk triage notes captured for web-card-pro-21; owner group notified.,Solved Work Around,"Demo record resolved after triage, containment, and validation.",Kai Diaz,,,,0,false,,,,,,,2026-05-29 09:24:34,2026-05-29 09:24:34,2026-06-01 05:32:34,,2026-06-01 05:32:34,ServiceNow,IT Service Management,ServiceNow IT Service Management,synthetic-servicenow,synthetic-demo,Change,All_Changes,change,updated,service_management,INC0010011,cc275b571d849bc44817ca52b9e9f46e,Cloud,incident,"business_service=Card Processing,priority=4 - Low,security_incident=false",Resolved,INC0010011,success,Jamie Morris,Jamie Morris,web-card-pro-21,web-card-pro-21,INC0010011,incident,Resolved
f684e5ff413a85ae559ef43d388399e4,INC0010012,In Progress,In Progress,true,Security,Credential Access,phone,Riley Jensen,Riley Jensen,Hayden Reed,Identity and Access,Security Monitoring,db-security-08,Contoso Health,Singapore - Regional Office,3 - Low,3 - Low,5 - Planning,informational,Multiple failed VPN logins followed by success for areed,Splunk ES detected repeated authentication failures followed by a successful VPN login for areed.,SOC triage opened from Splunk ES correlation results for db-security-08.,,,,,,,0,true,,ESCU - Excessive VPN Authentication Failures,Credential Access,T1110,db-security-08,60,2026-05-19 01:43:45,2026-05-19 01:43:45,,,2026-05-20 16:33:45,ServiceNow,IT Service Management,ServiceNow IT Service Management,synthetic-servicenow,synthetic-demo,Change,All_Changes,change,updated,service_management,INC0010012,f684e5ff413a85ae559ef43d388399e4,Security,incident,"business_service=Security Monitoring,priority=5 - Planning,security_incident=true",In Progress,INC0010012,success,Riley Jensen,Riley Jensen,db-security-08,db-security-08,INC0010012,incident,In Progress
35d7eda4f21cbeb54b6e62db16b2da0f,INC0010013,Resolved,Resolved,false,Email,Phishing,event,Jordan Lewis,Jordan Lewis,Morgan Singh,Application Support,ERP Finance,fin-erp-01,Apex Manufacturing,Remote,3 - Low,3 - Low,5 - Planning,informational,User-reported suspicious email,Employee reported suspicious email through the phishing add-in.,Service desk triage notes captured for fin-erp-01; owner group notified.,Solved Work Around,"Demo record resolved after triage, containment, and validation.",Drew Walker,,,,1,false,,,,,,,2026-06-25 01:35:02,2026-06-25 01:35:02,2026-06-28 15:05:02,,2026-06-28 15:05:02,ServiceNow,IT Service Management,ServiceNow IT Service Management,synthetic-servicenow,synthetic-demo,Change,All_Changes,change,updated,service_management,INC0010013,35d7eda4f21cbeb54b6e62db16b2da0f,Email,incident,"business_service=ERP Finance,priority=5 - Planning,security_incident=false",Resolved,INC0010013,success,Jordan Lewis,Jordan Lewis,fin-erp-01,fin-erp-01,INC0010013,incident,Resolved
a7b06ab3929403c2ca8c801c34c41cb4,INC0010014,Resolved,Resolved,false,Cloud,Access,phone,Casey Evans,Casey Evans,Hayden Vasquez,Identity and Access,Security Monitoring,db-security-08,City Power Utility,Chicago - Data Center,1 - High,1 - High,1 - Critical,critical,Cloud role assignment review requested,Access governance workflow requires owner approval.,Service desk triage notes captured for db-security-08; owner group notified.,Solved Remotely (Permanently),"Demo record resolved after triage, containment, and validation.",Sydney Walker,,,,1,false,,,,,,,2026-07-09 19:01:13,2026-07-09 19:01:13,2026-07-13 02:33:13,,2026-07-13 02:33:13,ServiceNow,IT Service Management,ServiceNow IT Service Management,synthetic-servicenow,synthetic-demo,Change,All_Changes,change,updated,service_management,INC0010014,a7b06ab3929403c2ca8c801c34c41cb4,Cloud,incident,"business_service=Security Monitoring,priority=1 - Critical,security_incident=false",Resolved,INC0010014,success,Casey Evans,Casey Evans,db-security-08,db-security-08,INC0010014,incident,Resolved
4c81773140f5a4e7d048b99caa391dce,INC0010015,Closed,Closed,false,Network,VPN,phone,Cameron Ibrahim,Cameron Ibrahim,Quinn Lewis,Endpoint Engineering,Manufacturing MES,web-manufact-01,City Power Utility,Singapore - Regional Office,3 - Low,2 - Medium,4 - Low,low,VPN users report intermittent disconnects,Users report VPN reconnects during peak business hours.,Service desk triage notes captured for web-manufact-01; owner group notified.,Solved Work Around,"Demo record resolved after triage, containment, and validation.",Drew Walker,,,,0,false,,,,,,,2026-05-14 21:24:13,2026-05-14 21:24:13,2026-05-18 10:10:13,2026-05-18 15:10:13,2026-05-18 15:10:13,ServiceNow,IT Service Management,ServiceNow IT Service Management,synthetic-servicenow,synthetic-demo,Change,All_Changes,change,updated,service_management,INC0010015,4c81773140f5a4e7d048b99caa391dce,Network,incident,"business_service=Manufacturing MES,priority=4 - Low,security_incident=false",Closed,INC0010015,success,Cameron Ibrahim,Cameron Ibrahim,web-manufact-01,web-manufact-01,INC0010015,incident,Closed
8c6006392697874d6d6bef3861daf894,INC0010016,Resolved,Resolved,false,Database,Performance,event,Hayden Ortiz,Hayden Ortiz,Reese Walker,Application Support,Customer Identity,web-customer-16,Northwind Financial,New York - HQ,3 - Low,2 - Medium,4 - Low,low,High database latency on web-customer-16,Application owners report elevated query latency.,Service desk triage notes captured for web-customer-16; owner group notified.,Solved Work Around,"Demo record resolved after triage, containment, and validation.",Jordan Ortiz,,,,1,false,,,,,,,2026-06-15 08:32:26,2026-06-15 08:32:26,2026-06-16 21:38:26,,2026-06-16 21:38:26,ServiceNow,IT Service Management,ServiceNow IT Service Management,synthetic-servicenow,synthetic-demo,Change,All_Changes,change,updated,service_management,INC0010016,8c6006392697874d6d6bef3861daf894,Database,incident,"business_service=Customer Identity,priority=4 - Low,security_incident=false",Resolved,INC0010016,success,Hayden Ortiz,Hayden Ortiz,web-customer-16,web-customer-16,INC0010016,incident,Resolved
2f1049e0195eb63ffe9f3e1b457ff561,INC0010017,New,New,true,Security,Defense Evasion,event,Riley Lewis,Riley Lewis,Hayden Vasquez,Security Operations,Corporate VPN,app-corporat-07,City Power Utility,Singapore - Regional Office,1 - High,2 - Medium,2 - High,high,EDR sensor offline on critical asset app-corporat-07,Critical asset stopped reporting EDR telemetry during active investigation window.,SOC triage opened from Splunk ES correlation results for app-corporat-07.,,,,,,,0,true,,ESCU - Endpoint Security Agent Tampering,Defense Evasion,T1562,app-corporat-07,79,2026-05-04 11:27:04,2026-05-04 11:27:04,,,2026-05-07 20:13:04,ServiceNow,IT Service Management,ServiceNow IT Service Management,synthetic-servicenow,synthetic-demo,Change,All_Changes,change,created,service_management,INC0010017,2f1049e0195eb63ffe9f3e1b457ff561,Security,incident,"business_service=Corporate VPN,priority=2 - High,security_incident=true",New,INC0010017,success,Riley Lewis,Riley Lewis,app-corporat-07,app-corporat-07,INC0010017,incident,New
4213f5c245f43c4b221a88692dd1afd1,INC0010018,Resolved,Resolved,false,Software,Patch,self-service,Casey Ibrahim,Casey Ibrahim,Kai Vasquez,Cloud Platform,Security Monitoring,db-security-11,Apex Manufacturing,Chicago - Data Center,2 - Medium,1 - High,2 - High,high,Patch validation failed on db-security-11,Automated patch job reported failed post-install validation.,Service desk triage notes captured for db-security-11; owner group notified.,Not Solved (Not Reproducible),"Demo record resolved after triage, containment, and validation.",Drew Reed,,,,0,false,,,,,,,2026-05-14 09:20:41,2026-05-14 09:20:41,2026-05-18 05:33:41,,2026-05-18 05:33:41,ServiceNow,IT Service Management,ServiceNow IT Service Management,synthetic-servicenow,synthetic-demo,Change,All_Changes,change,updated,service_management,INC0010018,4213f5c245f43c4b221a88692dd1afd1,Software,incident,"business_service=Security Monitoring,priority=2 - High,security_incident=false",Resolved,INC0010018,success,Casey Ibrahim,Casey Ibrahim,db-security-11,db-security-11,INC0010018,incident,Resolved
21c18a73881143e3746fd567a44b834f,INC0010019,Closed,Closed,false,Hardware,Disk,phone,Kai Diaz,Kai Diaz,Kai Diaz,Network Operations,Online Banking,waf-edge-02,Contoso Health,Singapore - Regional Office,3 - Low,3 - Low,5 - Planning,informational,Disk capacity warning on waf-edge-02,Filesystem utilization crossed operational threshold.,Service desk triage notes captured for waf-edge-02; owner group notified.,Solved Remotely (Permanently),"Demo record resolved after triage, containment, and validation.",Alex Patel,,,,0,false,,,,,,,2026-05-09 18:21:42,2026-05-09 18:21:42,2026-05-10 00:18:42,2026-05-11 00:18:42,2026-05-11 00:18:42,ServiceNow,IT Service Management,ServiceNow IT Service Management,synthetic-servicenow,synthetic-demo,Change,All_Changes,change,updated,service_management,INC0010019,21c18a73881143e3746fd567a44b834f,Hardware,incident,"business_service=Online Banking,priority=5 - Planning,security_incident=false",Closed,INC0010019,success,Kai Diaz,Kai Diaz,waf-edge-02,waf-edge-02,INC0010019,incident,Closed
9a406c96ee21a6a1a082bad413482b81,INC0010020,In Progress,In Progress,true,Hardware,Disk,phone,Reese Jensen,Reese Jensen,Harper Bennett,Linux Platform,Corporate VPN,app-corporat-10,City Power Utility,Singapore - Regional Office,1 - High,3 - Low,3 - Moderate,medium,Disk capacity warning on app-corporat-10,Filesystem utilization crossed operational threshold.,Service desk triage notes captured for app-corporat-10; owner group notified.,,,,,,,0,false,,,,,,,2026-06-26 08:30:12,2026-06-26 08:30:12,,,2026-06-28 08:29:12,ServiceNow,IT Service Management,ServiceNow IT Service Management,synthetic-servicenow,synthetic-demo,Change,All_Changes,change,updated,service_management,INC0010020,9a406c96ee21a6a1a082bad413482b81,Hardware,incident,"business_service=Corporate VPN,priority=3 - Moderate,security_incident=false",In Progress,INC0010020,success,Reese Jensen,Reese Jensen,app-corporat-10,app-corporat-10,INC0010020,incident,In Progress
27bda3f35aa794f9e6c6138d8cd1fe38,INC0010021,On Hold,On Hold,true,Application,Availability,email,Riley Lewis,Riley Lewis,Rowan Diaz,Endpoint Engineering,Customer Identity,job-customer-26,City Power Utility,Singapore - Regional Office,1 - High,3 - Low,3 - Moderate,medium,Customer Identity transaction failures,Synthetic monitoring shows transaction failures above threshold.,Service desk triage notes captured for job-customer-26; owner group notified.,,,,,,,0,false,,,,,,,2026-04-22 15:38:20,2026-04-22 15:38:20,,,2026-04-25 10:53:20,ServiceNow,IT Service Management,ServiceNow IT Service Management,synthetic-servicenow,synthetic-demo,Change,All_Changes,change,updated,service_management,INC0010021,27bda3f35aa794f9e6c6138d8cd1fe38,Application,incident,"business_service=Customer Identity,priority=3 - Moderate,security_incident=false",On Hold,INC0010021,success,Riley Lewis,Riley Lewis,job-customer-26,job-customer-26,INC0010021,incident,On Hold
fd61ee0cfc5dcf1f6083fa045d92ad48,INC0010022,In Progress,In Progress,true,Application,Availability,event,Kai Lewis,Kai Lewis,Parker Morris,Windows Server,Email and Collaboration,mail-edge-01,Apex Manufacturing,Chicago - Data Center,2 - Medium,2 - Medium,3 - Moderate,medium,Email and Collaboration transaction failures,Synthetic monitoring shows transaction failures above threshold.,Service desk triage notes captured for mail-edge-01; owner group notified.,,,,,,,1,false,,,,,,,2026-06-24 22:18:03,2026-06-24 22:18:03,,,2026-06-25 00:41:03,ServiceNow,IT Service Management,ServiceNow IT Service Management,synthetic-servicenow,synthetic-demo,Change,All_Changes,change,updated,service_management,INC0010022,fd61ee0cfc5dcf1f6083fa045d92ad48,Application,incident,"business_service=Email and Collaboration,priority=3 - Moderate,security_incident=false",In Progress,INC0010022,success,Kai Lewis,Kai Lewis,mail-edge-01,mail-edge-01,INC0010022,incident,In Progress
d9662402283828e8735f1db80e3f2754,INC0010023,Resolved,Resolved,false,Security,Data Loss,email,Emerson Kim,Emerson Kim,Hayden Ortiz,Threat Response,Card Processing,web-card-pro-21,Northwind Financial,London - Regional Office,3 - Low,3 - Low,5 - Planning,informational,Unusual outbound data transfer from web-card-pro-21,Splunk ES risk rules identified high-volume outbound transfer outside the normal peer group.,SOC triage opened from Splunk ES correlation results for web-card-pro-21. Splunk notable NE-2026-06-06-8795 linked.,Not Solved (Not Reproducible),"Demo record resolved after triage, containment, and validation.",Jordan Ortiz,,,,0,true,NE-2026-06-06-8795,ESCU - High Volume Data Transfer to External Destination,Exfiltration,T1041,web-card-pro-21,57,2026-06-06 04:53:35,2026-06-06 04:53:35,2026-06-06 16:06:35,,2026-06-06 16:06:35,ServiceNow,IT Service Management,ServiceNow IT Service Management,synthetic-servicenow,synthetic-demo,Change,All_Changes,change,updated,service_management,INC0010023,d9662402283828e8735f1db80e3f2754,Security,incident,"business_service=Card Processing,priority=5 - Planning,security_incident=true",Resolved,INC0010023,success,Emerson Kim,Emerson Kim,web-card-pro-21,web-card-pro-21,INC0010023,incident,Resolved
ab04345abd68e186c548eeb92d05a502,INC0010024,In Progress,In Progress,true,Hardware,Disk,event,Casey Lewis,Casey Lewis,Reese Walker,Linux Platform,ERP Finance,lt-erp-fina-06,Contoso Health,London - Regional Office,2 - Medium,3 - Low,4 - Low,low,Disk capacity warning on lt-erp-fina-06,Filesystem utilization crossed operational threshold.,Service desk triage notes captured for lt-erp-fina-06; owner group notified.,,,,,,,0,false,,,,,,,2026-05-13 20:43:17,2026-05-13 20:43:17,,,2026-05-15 19:58:17,ServiceNow,IT Service Management,ServiceNow IT Service Management,synthetic-servicenow,synthetic-demo,Change,All_Changes,change,updated,service_management,INC0010024,ab04345abd68e186c548eeb92d05a502,Hardware,incident,"business_service=ERP Finance,priority=4 - Low,security_incident=false",In Progress,INC0010024,success,Casey Lewis,Casey Lewis,lt-erp-fina-06,lt-erp-fina-06,INC0010024,incident,In Progress
f09ee1bf51532bb0bbb27901741dcd1c,INC0010025,Resolved,Resolved,false,Network,VPN,phone,Rowan Hughes,Rowan Hughes,Jamie Hughes,Cloud Platform,ERP Finance,app-erp-fina-38,City Power Utility,Dallas - SOC,1 - High,2 - Medium,2 - High,high,VPN users report intermittent disconnects,Users report VPN reconnects during peak business hours.,Service desk triage notes captured for app-erp-fina-38; owner group notified.,Solved Work Around,"Demo record resolved after triage, containment, and validation.",Reese Walker,,,,0,false,,,,,,,2026-06-01 14:49:57,2026-06-01 14:49:57,2026-06-03 21:19:57,,2026-06-03 21:19:57,ServiceNow,IT Service Management,ServiceNow IT Service Management,synthetic-servicenow,synthetic-demo,Change,All_Changes,change,updated,service_management,INC0010025,f09ee1bf51532bb0bbb27901741dcd1c,Network,incident,"business_service=ERP Finance,priority=2 - High,security_incident=false",Resolved,INC0010025,success,Rowan Hughes,Rowan Hughes,app-erp-fina-38,app-erp-fina-38,INC0010025,incident,Resolved
92353b842775c209fbbe974439cfbb9d,INC0010026,Resolved,Resolved,false,Security,Privilege Escalation,email,Casey Morris,Casey Morris,Drew Reed,Identity and Access,Email and Collaboration,job-email-an-27,City Power Utility,Dallas - SOC,2 - Medium,3 - Low,4 - Low,low,Privileged group membership change for hevans,Identity audit logs showed a privileged group membership change requiring validation.,SOC triage opened from Splunk ES correlation results for job-email-an-27.,Solved Remotely (Permanently),"Demo record resolved after triage, containment, and validation.",Avery Reed,,,,0,true,,ESCU - Windows AD Privileged Group Modification,Privilege Escalation,T1098,job-email-an-27,91,2026-06-17 01:40:05,2026-06-17 01:40:05,2026-06-19 08:23:05,,2026-06-19 08:23:05,ServiceNow,IT Service Management,ServiceNow IT Service Management,synthetic-servicenow,synthetic-demo,Change,All_Changes,change,updated,service_management,INC0010026,92353b842775c209fbbe974439cfbb9d,Security,incident,"business_service=Email and Collaboration,priority=4 - Low,security_incident=true",Resolved,INC0010026,success,Casey Morris,Casey Morris,job-email-an-27,job-email-an-27,INC0010026,incident,Resolved
443ea8417ea15137d31a83b16f4229ca,INC0010027,New,New,true,Cloud,Access,monitoring,Jamie Walker,Jamie Walker,Harper Foster,Threat Response,Card Processing,web-card-pro-36,Apex Manufacturing,Chicago - Data Center,1 - High,1 - High,1 - Critical,critical,Cloud role assignment review requested,Access governance workflow requires owner approval.,Service desk triage notes captured for web-card-pro-36; owner group notified.,,,,CHG0030020,,,0,false,,,,,,,2026-04-23 10:16:52,2026-04-23 10:16:52,,,2026-04-25 10:14:52,ServiceNow,IT Service Management,ServiceNow IT Service Management,synthetic-servicenow,synthetic-demo,Change,All_Changes,change,created,service_management,INC0010027,443ea8417ea15137d31a83b16f4229ca,Cloud,incident,"business_service=Card Processing,priority=1 - Critical,security_incident=false",New,INC0010027,success,Jamie Walker,Jamie Walker,web-card-pro-36,web-card-pro-36,INC0010027,incident,New
e184819943c88ff669e136132ccac362,INC0010028,Closed,Closed,false,Security,Defense Evasion,email,Reese Jensen,Reese Jensen,Jordan Kim,Identity and Access,ERP Finance,app-erp-fina-38,City Power Utility,Singapore - Regional Office,1 - High,2 - Medium,2 - High,high,EDR sensor offline on critical asset app-erp-fina-38,Critical asset stopped reporting EDR telemetry during active investigation window.,SOC triage opened from Splunk ES correlation results for app-erp-fina-38. Splunk notable NE-2026-06-29-8390 linked.,Solved Work Around,"Demo record resolved after triage, containment, and validation.",Kai Vasquez,,,,0,true,NE-2026-06-29-8390,ESCU - Endpoint Security Agent Tampering,Defense Evasion,T1562,app-erp-fina-38,66,2026-06-29 12:55:18,2026-06-29 12:55:18,2026-06-29 21:56:18,2026-06-30 01:56:18,2026-06-30 01:56:18,ServiceNow,IT Service Management,ServiceNow IT Service Management,synthetic-servicenow,synthetic-demo,Change,All_Changes,change,updated,service_management,INC0010028,e184819943c88ff669e136132ccac362,Security,incident,"business_service=ERP Finance,priority=2 - High,security_incident=true",Closed,INC0010028,success,Reese Jensen,Reese Jensen,app-erp-fina-38,app-erp-fina-38,INC0010028,incident,Closed
afa2f9a97adf1f198c35dfc3ad1f2cee,INC0010029,Resolved,Resolved,false,Application,Availability,phone,Logan Foster,Logan Foster,Jamie Kim,Application Support,Customer Identity,web-customer-16,City Power Utility,Singapore - Regional Office,1 - High,2 - Medium,2 - High,high,Customer Identity transaction failures,Synthetic monitoring shows transaction failures above threshold.,Service desk triage notes captured for web-customer-16; owner group notified.,Solved Remotely (Permanently),"Demo record resolved after triage, containment, and validation.",Hayden Vasquez,,,,0,false,,,,,,,2026-05-03 22:19:48,2026-05-03 22:19:48,2026-05-06 03:27:48,,2026-05-06 03:27:48,ServiceNow,IT Service Management,ServiceNow IT Service Management,synthetic-servicenow,synthetic-demo,Change,All_Changes,change,updated,service_management,INC0010029,afa2f9a97adf1f198c35dfc3ad1f2cee,Application,incident,"business_service=Customer Identity,priority=2 - High,security_incident=false",Resolved,INC0010029,success,Logan Foster,Logan Foster,web-customer-16,web-customer-16,INC0010029,incident,Resolved
71653e18ea4737c3961b939f0822dca3,INC0010030,New,New,true,Software,Patch,self-service,Alex Patel,Alex Patel,Parker Carter,Threat Response,Data Warehouse,app-data-war-22,Contoso Health,Dallas - SOC,3 - Low,1 - High,3 - Moderate,medium,Patch validation failed on app-data-war-22,Automated patch job reported failed post-install validation.,Service desk triage notes captured for app-data-war-22; owner group notified.,,,,,,,0,false,,,,,,,2026-06-18 22:02:52,2026-06-18 22:02:52,,,2026-06-19 00:15:52,ServiceNow,IT Service Management,ServiceNow IT Service Management,synthetic-servicenow,synthetic-demo,Change,All_Changes,change,created,service_management,INC0010030,71653e18ea4737c3961b939f0822dca3,Software,incident,"business_service=Data Warehouse,priority=3 - Moderate,security_incident=false",New,INC0010030,success,Alex Patel,Alex Patel,app-data-war-22,app-data-war-22,INC0010030,incident,New
1e1ee35ce0e981ff9ba065641efb8579,INC0010031,In Progress,In Progress,true,Security,Defense Evasion,event,Reese Jensen,Reese Jensen,Avery Reed,Security Operations,Card Processing,web-card-pro-39,City Power Utility,Singapore - Regional Office,3 - Low,3 - Low,5 - Planning,informational,EDR sensor offline on critical asset web-card-pro-39,Critical asset stopped reporting EDR telemetry during active investigation window.,SOC triage opened from Splunk ES correlation results for web-card-pro-39.,,,,,,,0,true,,ESCU - Endpoint Security Agent Tampering,Defense Evasion,T1562,web-card-pro-39,73,2026-04-27 08:48:56,2026-04-27 08:48:56,,,2026-04-27 22:03:56,ServiceNow,IT Service Management,ServiceNow IT Service Management,synthetic-servicenow,synthetic-demo,Change,All_Changes,change,updated,service_management,INC0010031,1e1ee35ce0e981ff9ba065641efb8579,Security,incident,"business_service=Card Processing,priority=5 - Planning,security_incident=true",In Progress,INC0010031,success,Reese Jensen,Reese Jensen,web-card-pro-39,web-card-pro-39,INC0010031,incident,In Progress
d242594f5c4d0a18fc5a3059a7f3966a,INC0010032,In Progress,In Progress,true,Security,Defense Evasion,email,Sydney Kim,Sydney Kim,Casey Ibrahim,Threat Response,Corporate VPN,job-corporat-29,Contoso Health,Chicago - Data Center,3 - Low,3 - Low,5 - Planning,informational,EDR sensor offline on critical asset job-corporat-29,Critical asset stopped reporting EDR telemetry during active investigation window.,SOC triage opened from Splunk ES correlation results for job-corporat-29. Splunk notable NE-2026-07-12-6838 linked.,,,,,,,0,true,NE-2026-07-12-6838,ESCU - Endpoint Security Agent Tampering,Defense Evasion,T1562,job-corporat-29,67,2026-07-12 12:18:54,2026-07-12 12:18:54,,,2026-07-15 21:14:54,ServiceNow,IT Service Management,ServiceNow IT Service Management,synthetic-servicenow,synthetic-demo,Change,All_Changes,change,updated,service_management,INC0010032,d242594f5c4d0a18fc5a3059a7f3966a,Security,incident,"business_service=Corporate VPN,priority=5 - Planning,security_incident=true",In Progress,INC0010032,success,Sydney Kim,Sydney Kim,job-corporat-29,job-corporat-29,INC0010032,incident,In Progress
145db76c7450383a9fdffbba76ab4e83,INC0010033,Resolved,Resolved,false,Network,VPN,event,Jamie Walker,Jamie Walker,Alex Patel,Security Operations,Card Processing,web-card-pro-21,Apex Manufacturing,Chicago - Data Center,3 - Low,2 - Medium,4 - Low,low,VPN users report intermittent disconnects,Users report VPN reconnects during peak business hours.,Service desk triage notes captured for web-card-pro-21; owner group notified.,Solved Work Around,"Demo record resolved after triage, containment, and validation.",Jordan Ortiz,,,,0,false,,,,,,,2026-06-30 21:05:16,2026-06-30 21:05:16,2026-07-03 06:07:16,,2026-07-03 06:07:16,ServiceNow,IT Service Management,ServiceNow IT Service Management,synthetic-servicenow,synthetic-demo,Change,All_Changes,change,updated,service_management,INC0010033,145db76c7450383a9fdffbba76ab4e83,Network,incident,"business_service=Card Processing,priority=4 - Low,security_incident=false",Resolved,INC0010033,success,Jamie Walker,Jamie Walker,web-card-pro-21,web-card-pro-21,INC0010033,incident,Resolved
58571fba90221784c695129161db997f,INC0010034,On Hold,On Hold,true,Application,Availability,monitoring,Kai Diaz,Kai Diaz,Drew Reed,Identity and Access,Corporate VPN,lt-corporat-33,Contoso Health,Singapore - Regional Office,2 - Medium,2 - Medium,3 - Moderate,medium,Corporate VPN transaction failures,Synthetic monitoring shows transaction failures above threshold.,Service desk triage notes captured for lt-corporat-33; owner group notified.,,,,CHG0030028,,,0,false,,,,,,,2026-07-08 00:38:37,2026-07-08 00:38:37,,,2026-07-10 02:55:37,ServiceNow,IT Service Management,ServiceNow IT Service Management,synthetic-servicenow,synthetic-demo,Change,All_Changes,change,updated,service_management,INC0010034,58571fba90221784c695129161db997f,Application,incident,"business_service=Corporate VPN,priority=3 - Moderate,security_incident=false",On Hold,INC0010034,success,Kai Diaz,Kai Diaz,lt-corporat-33,lt-corporat-33,INC0010034,incident,On Hold
a6374bd86d1d2eacc3c87fda45e890b2,INC0010035,Closed,Closed,false,Security,Defense Evasion,event,Casey Lewis,Casey Lewis,Cameron Singh,Security Operations,Payments API,prd-pay-api-02,Contoso Health,London - Regional Office,3 - Low,2 - Medium,4 - Low,low,EDR sensor offline on critical asset prd-pay-api-02,Critical asset stopped reporting EDR telemetry during active investigation window.,SOC triage opened from Splunk ES correlation results for prd-pay-api-02.,Not Solved (Not Reproducible),"Demo record resolved after triage, containment, and validation.",Quinn Walker,,,,0,true,,ESCU - Endpoint Security Agent Tampering,Defense Evasion,T1562,prd-pay-api-02,46,2026-06-20 14:04:46,2026-06-20 14:04:46,2026-06-22 21:20:46,2026-06-23 11:20:46,2026-06-23 11:20:46,ServiceNow,IT Service Management,ServiceNow IT Service Management,synthetic-servicenow,synthetic-demo,Change,All_Changes,change,updated,service_management,INC0010035,a6374bd86d1d2eacc3c87fda45e890b2,Security,incident,"business_service=Payments API,priority=4 - Low,security_incident=true",Closed,INC0010035,success,Casey Lewis,Casey Lewis,prd-pay-api-02,prd-pay-api-02,INC0010035,incident,Closed
9697f1707728e443ccbece5dde07f785,INC0010036,Closed,Closed,false,Security,Credential Access,monitoring,Riley Lewis,Riley Lewis,Alex Patel,Security Operations,Corporate VPN,vpn-gw-02,City Power Utility,Singapore - Regional Office,2 - Medium,2 - Medium,3 - Moderate,medium,Multiple failed VPN logins followed by success for pevans,Splunk ES detected repeated authentication failures followed by a successful VPN login for pevans.,SOC triage opened from Splunk ES correlation results for vpn-gw-02.,Not Solved (Not Reproducible),"Demo record resolved after triage, containment, and validation.",Casey Ortiz,,,,0,true,,ESCU - Excessive VPN Authentication Failures,Credential Access,T1110,vpn-gw-02,55,2026-07-08 05:31:29,2026-07-08 05:31:29,2026-07-10 01:19:29,2026-07-10 20:19:29,2026-07-10 20:19:29,ServiceNow,IT Service Management,ServiceNow IT Service Management,synthetic-servicenow,synthetic-demo,Change,All_Changes,change,updated,service_management,INC0010036,9697f1707728e443ccbece5dde07f785,Security,incident,"business_service=Corporate VPN,priority=3 - Moderate,security_incident=true",Closed,INC0010036,success,Riley Lewis,Riley Lewis,vpn-gw-02,vpn-gw-02,INC0010036,incident,Closed
a34802a750e1176e57b79cd247b15b68,INC0010037,In Progress,In Progress,true,Cloud,Access,email,Kai Diaz,Kai Diaz,Parker Patel,Network Operations,Corporate VPN,vpn-gw-01,Contoso Health,Singapore - Regional Office,3 - Low,3 - Low,5 - Planning,informational,Cloud role assignment review requested,Access governance workflow requires owner approval.,Service desk triage notes captured for vpn-gw-01; owner group notified.,,,,,,,0,false,,,,,,,2026-05-07 11:42:55,2026-05-07 11:42:55,,,2026-05-10 03:08:55,ServiceNow,IT Service Management,ServiceNow IT Service Management,synthetic-servicenow,synthetic-demo,Change,All_Changes,change,updated,service_management,INC0010037,a34802a750e1176e57b79cd247b15b68,Cloud,incident,"business_service=Corporate VPN,priority=5 - Planning,security_incident=false",In Progress,INC0010037,success,Kai Diaz,Kai Diaz,vpn-gw-01,vpn-gw-01,INC0010037,incident,In Progress
8621ef1da1aae64e247ff02fc7f958c6,INC0010038,Resolved,Resolved,false,Database,Performance,monitoring,Parker Morris,Parker Morris,Sydney Walker,Linux Platform,ERP Finance,lt-erp-fina-06,Contoso Health,New York - HQ,2 - Medium,2 - Medium,3 - Moderate,medium,High database latency on lt-erp-fina-06,Application owners report elevated query latency.,Service desk triage notes captured for lt-erp-fina-06; owner group notified.,Solved Remotely (Permanently),"Demo record resolved after triage, containment, and validation.",Avery Reed,,,,0,false,,,,,,,2026-05-31 16:51:25,2026-05-31 16:51:25,2026-06-02 01:51:25,,2026-06-02 01:51:25,ServiceNow,IT Service Management,ServiceNow IT Service Management,synthetic-servicenow,synthetic-demo,Change,All_Changes,change,updated,service_management,INC0010038,8621ef1da1aae64e247ff02fc7f958c6,Database,incident,"business_service=ERP Finance,priority=3 - Moderate,security_incident=false",Resolved,INC0010038,success,Parker Morris,Parker Morris,lt-erp-fina-06,lt-erp-fina-06,INC0010038,incident,Resolved
2b668915ffd1f7b0763006844472b1da,INC0010039,Closed,Closed,false,Software,Patch,email,Cameron Ibrahim,Cameron Ibrahim,Drew Walker,Security Operations,Card Processing,lt-card-pro-31,City Power Utility,Singapore - Regional Office,3 - Low,2 - Medium,4 - Low,low,Patch validation failed on lt-card-pro-31,Automated patch job reported failed post-install validation.,Service desk triage notes captured for lt-card-pro-31; owner group notified.,Not Solved (Not Reproducible),"Demo record resolved after triage, containment, and validation.",Casey Morris,,,,0,false,,,,,,,2026-06-30 19:10:09,2026-06-30 19:10:09,2026-07-02 09:20:09,2026-07-03 00:20:09,2026-07-03 00:20:09,ServiceNow,IT Service Management,ServiceNow IT Service Management,synthetic-servicenow,synthetic-demo,Change,All_Changes,change,updated,service_management,INC0010039,2b668915ffd1f7b0763006844472b1da,Software,incident,"business_service=Card Processing,priority=4 - Low,security_incident=false",Closed,INC0010039,success,Cameron Ibrahim,Cameron Ibrahim,lt-card-pro-31,lt-card-pro-31,INC0010039,incident,Closed
b73d960c27a3f2d5d766f3e4a210f40f,INC0010040,Closed,Closed,false,Email,Phishing,monitoring,Parker Vasquez,Parker Vasquez,Parker Carter,Linux Platform,ERP Finance,lt-erp-fina-06,City Power Utility,New York - HQ,3 - Low,3 - Low,5 - Planning,informational,User-reported suspicious email,Employee reported suspicious email through the phishing add-in.,Service desk triage notes captured for lt-erp-fina-06; owner group notified.,Not Solved (Not Reproducible),"Demo record resolved after triage, containment, and validation.",Jordan Singh,,,,0,false,,,,,,,2026-07-06 03:42:03,2026-07-06 03:42:03,2026-07-08 06:53:03,2026-07-08 16:53:03,2026-07-08 16:53:03,ServiceNow,IT Service Management,ServiceNow IT Service Management,synthetic-servicenow,synthetic-demo,Change,All_Changes,change,updated,service_management,INC0010040,b73d960c27a3f2d5d766f3e4a210f40f,Email,incident,"business_service=ERP Finance,priority=5 - Planning,security_incident=false",Closed,INC0010040,success,Parker Vasquez,Parker Vasquez,lt-erp-fina-06,lt-erp-fina-06,INC0010040,incident,Closed
153e618e42bb9c06c648d48f3311ed8c,INC0010041,In Progress,In Progress,true,Software,Patch,self-service,Kai Ortiz,Kai Ortiz,Kai Turner,Security Operations,Card Processing,lt-card-pro-31,Apex Manufacturing,New York - HQ,3 - Low,3 - Low,5 - Planning,informational,Patch validation failed on lt-card-pro-31,Automated patch job reported failed post-install validation.,Service desk triage notes captured for lt-card-pro-31; owner group notified.,,,,,,,0,false,,,,,,,2026-05-01 07:22:25,2026-05-01 07:22:25,,,2026-05-02 12:00:25,ServiceNow,IT Service Management,ServiceNow IT Service Management,synthetic-servicenow,synthetic-demo,Change,All_Changes,change,updated,service_management,INC0010041,153e618e42bb9c06c648d48f3311ed8c,Software,incident,"business_service=Card Processing,priority=5 - Planning,security_incident=false",In Progress,INC0010041,success,Kai Ortiz,Kai Ortiz,lt-card-pro-31,lt-card-pro-31,INC0010041,incident,In Progress
3bd332abe23996f7c63665e1f91567db,INC0010042,Resolved,Resolved,false,Security,Privilege Escalation,monitoring,Parker Evans,Parker Evans,Rowan Diaz,Threat Response,Data Warehouse,app-data-war-22,City Power Utility,Singapore - Regional Office,2 - Medium,2 - Medium,3 - Moderate,medium,Privileged group membership change for kjensen,Identity audit logs showed a privileged group membership change requiring validation.,SOC triage opened from Splunk ES correlation results for app-data-war-22.,Solved Work Around,"Demo record resolved after triage, containment, and validation.",Harper Foster,,,,0,true,,ESCU - Windows AD Privileged Group Modification,Privilege Escalation,T1098,app-data-war-22,65,2026-04-22 18:49:52,2026-04-22 18:49:52,2026-04-23 07:15:52,,2026-04-23 07:15:52,ServiceNow,IT Service Management,ServiceNow IT Service Management,synthetic-servicenow,synthetic-demo,Change,All_Changes,change,updated,service_management,INC0010042,3bd332abe23996f7c63665e1f91567db,Security,incident,"business_service=Data Warehouse,priority=3 - Moderate,security_incident=true",Resolved,INC0010042,success,Parker Evans,Parker Evans,app-data-war-22,app-data-war-22,INC0010042,incident,Resolved
d1ce7e1654b2cfd8b072f4001df44732,INC0010043,Closed,Closed,false,Hardware,Disk,phone,Jamie Walker,Jamie Walker,Rowan Hughes,Database Services,Email and Collaboration,node-email-an-04,Apex Manufacturing,Chicago - Data Center,3 - Low,3 - Low,5 - Planning,informational,Disk capacity warning on node-email-an-04,Filesystem utilization crossed operational threshold.,Service desk triage notes captured for node-email-an-04; owner group notified.,Not Solved (Not Reproducible),"Demo record resolved after triage, containment, and validation.",Casey Ortiz,,,,0,false,,,,,,,2026-05-14 04:02:34,2026-05-14 04:02:34,2026-05-15 22:19:34,2026-05-16 15:19:34,2026-05-16 15:19:34,ServiceNow,IT Service Management,ServiceNow IT Service Management,synthetic-servicenow,synthetic-demo,Change,All_Changes,change,updated,service_management,INC0010043,d1ce7e1654b2cfd8b072f4001df44732,Hardware,incident,"business_service=Email and Collaboration,priority=5 - Planning,security_incident=false",Closed,INC0010043,success,Jamie Walker,Jamie Walker,node-email-an-04,node-email-an-04,INC0010043,incident,Closed
50160b4e068558d0a33f3bef711dfab5,INC0010044,Resolved,Resolved,false,Cloud,Access,monitoring,Jamie Kim,Jamie Kim,Jordan Singh,Service Desk,Email and Collaboration,app-email-an-28,Northwind Financial,New York - HQ,2 - Medium,3 - Low,4 - Low,low,Cloud role assignment review requested,Access governance workflow requires owner approval.,Service desk triage notes captured for app-email-an-28; owner group notified.,Solved Work Around,"Demo record resolved after triage, containment, and validation.",SOC Automation,,,,0,false,,,,,,,2026-05-21 02:05:56,2026-05-21 02:05:56,2026-05-22 20:25:56,,2026-05-22 20:25:56,ServiceNow,IT Service Management,ServiceNow IT Service Management,synthetic-servicenow,synthetic-demo,Change,All_Changes,change,updated,service_management,INC0010044,50160b4e068558d0a33f3bef711dfab5,Cloud,incident,"business_service=Email and Collaboration,priority=4 - Low,security_incident=false",Resolved,INC0010044,success,Jamie Kim,Jamie Kim,app-email-an-28,app-email-an-28,INC0010044,incident,Resolved
7e311c69f2c88e1e8a7cf2c94ddc1475,INC0010045,Resolved,Resolved,false,Security,Malware,phone,Parker Morris,Parker Morris,Kai Diaz,Security Operations,ERP Finance,node-erp-fina-02,Contoso Health,New York - HQ,3 - Low,2 - Medium,4 - Low,low,EDR malware quarantine on node-erp-fina-02,Endpoint detection quarantined suspicious payload and submitted telemetry for triage.,SOC triage opened from Splunk ES correlation results for node-erp-fina-02. Splunk notable NE-2026-05-24-3386 linked.,Solved Work Around,"Demo record resolved after triage, containment, and validation.",Alex Carter,,,,0,true,NE-2026-05-24-3386,ESCU - Malware Outbreak Detected,Execution,T1204,node-erp-fina-02,43,2026-05-24 21:25:29,2026-05-24 21:25:29,2026-05-26 04:15:29,,2026-05-26 04:15:29,ServiceNow,IT Service Management,ServiceNow IT Service Management,synthetic-servicenow,synthetic-demo,Change,All_Changes,change,updated,service_management,INC0010045,7e311c69f2c88e1e8a7cf2c94ddc1475,Security,incident,"business_service=ERP Finance,priority=4 - Low,security_incident=true",Resolved,INC0010045,success,Parker Morris,Parker Morris,node-erp-fina-02,node-erp-fina-02,INC0010045,incident,Resolved
5a0d6f18c6752871de3e033ab2b24793,INC0010046,Closed,Closed,false,Network,VPN,email,Kai Lewis,Kai Lewis,Kai Diaz,Application Support,Payments API,prd-pay-api-02,Apex Manufacturing,Chicago - Data Center,3 - Low,2 - Medium,4 - Low,low,VPN users report intermittent disconnects,Users report VPN reconnects during peak business hours.,Service desk triage notes captured for prd-pay-api-02; owner group notified.,Not Solved (Not Reproducible),"Demo record resolved after triage, containment, and validation.",Reese Walker,,,,0,false,,,,,,,2026-06-21 10:42:36,2026-06-21 10:42:36,2026-06-21 18:41:36,2026-06-21 21:41:36,2026-06-21 21:41:36,ServiceNow,IT Service Management,ServiceNow IT Service Management,synthetic-servicenow,synthetic-demo,Change,All_Changes,change,updated,service_management,INC0010046,5a0d6f18c6752871de3e033ab2b24793,Network,incident,"business_service=Payments API,priority=4 - Low,security_incident=false",Closed,INC0010046,success,Kai Lewis,Kai Lewis,prd-pay-api-02,prd-pay-api-02,INC0010046,incident,Closed
d2a39f612997991de525dba7b5e421a7,INC0010047,New,New,true,Database,Performance,monitoring,Casey Morris,Casey Morris,Jamie Walker,Identity and Access,Corporate VPN,job-corporat-29,City Power Utility,Dallas - SOC,3 - Low,2 - Medium,4 - Low,low,High database latency on job-corporat-29,Application owners report elevated query latency.,Service desk triage notes captured for job-corporat-29; owner group notified.,,,,,,,0,false,,,,,,,2026-04-19 12:54:20,2026-04-19 12:54:20,,,2026-04-23 07:44:20,ServiceNow,IT Service Management,ServiceNow IT Service Management,synthetic-servicenow,synthetic-demo,Change,All_Changes,change,created,service_management,INC0010047,d2a39f612997991de525dba7b5e421a7,Database,incident,"business_service=Corporate VPN,priority=4 - Low,security_incident=false",New,INC0010047,success,Casey Morris,Casey Morris,job-corporat-29,job-corporat-29,INC0010047,incident,New
4c1680c14ac3f7e5e2d20e31a4f2bd32,INC0010048,Resolved,Resolved,false,Software,Patch,monitoring,Drew Patel,Drew Patel,Hayden Vasquez,Database Services,Email and Collaboration,node-email-an-04,Northwind Financial,Remote,1 - High,1 - High,1 - Critical,critical,Patch validation failed on node-email-an-04,Automated patch job reported failed post-install validation.,Service desk triage notes captured for node-email-an-04; owner group notified.,Solved Work Around,"Demo record resolved after triage, containment, and validation.",Kai Turner,,,,0,false,,,,,,,2026-04-27 09:31:05,2026-04-27 09:31:05,2026-04-28 21:17:05,,2026-04-28 21:17:05,ServiceNow,IT Service Management,ServiceNow IT Service Management,synthetic-servicenow,synthetic-demo,Change,All_Changes,change,updated,service_management,INC0010048,4c1680c14ac3f7e5e2d20e31a4f2bd32,Software,incident,"business_service=Email and Collaboration,priority=1 - Critical,security_incident=false",Resolved,INC0010048,success,Drew Patel,Drew Patel,node-email-an-04,node-email-an-04,INC0010048,incident,Resolved
375041f2213fc55fb56557c116565c93,INC0010049,Resolved,Resolved,false,Database,Performance,phone,Alex Carter,Alex Carter,Cameron Hughes,Application Support,Data Warehouse,web-data-war-14,Northwind Financial,Singapore - Regional Office,3 - Low,2 - Medium,4 - Low,low,High database latency on web-data-war-14,Application owners report elevated query latency.,Service desk triage notes captured for web-data-war-14; owner group notified.,Solved Work Around,"Demo record resolved after triage, containment, and validation.",Parker Vasquez,,,,0,false,,,,,,,2026-06-27 17:53:50,2026-06-27 17:53:50,2026-06-27 23:39:50,,2026-06-27 23:39:50,ServiceNow,IT Service Management,ServiceNow IT Service Management,synthetic-servicenow,synthetic-demo,Change,All_Changes,change,updated,service_management,INC0010049,375041f2213fc55fb56557c116565c93,Database,incident,"business_service=Data Warehouse,priority=4 - Low,security_incident=false",Resolved,INC0010049,success,Alex Carter,Alex Carter,web-data-war-14,web-data-war-14,INC0010049,incident,Resolved
05b34e52db07b38d94c7830d6033f683,INC0010050,Resolved,Resolved,false,Application,Availability,email,Casey Morris,Casey Morris,Hayden Vasquez,Security Operations,Card Processing,web-card-pro-21,City Power Utility,Dallas - SOC,2 - Medium,2 - Medium,3 - Moderate,medium,Card Processing transaction failures,Synthetic monitoring shows transaction failures above threshold.,Service desk triage notes captured for web-card-pro-21; owner group notified.,Solved Remotely (Permanently),"Demo record resolved after triage, containment, and validation.",Alex Patel,,,,0,false,,,,,,,2026-04-28 05:39:16,2026-04-28 05:39:16,2026-04-28 23:51:16,,2026-04-28 23:51:16,ServiceNow,IT Service Management,ServiceNow IT Service Management,synthetic-servicenow,synthetic-demo,Change,All_Changes,change,updated,service_management,INC0010050,05b34e52db07b38d94c7830d6033f683,Application,incident,"business_service=Card Processing,priority=3 - Moderate,security_incident=false",Resolved,INC0010050,success,Casey Morris,Casey Morris,web-card-pro-21,web-card-pro-21,INC0010050,incident,Resolved
67a49749789944906c7257b1cb9aadc8,INC0010051,Resolved,Resolved,false,Hardware,Disk,event,Kai Vasquez,Kai Vasquez,Harper Foster,Identity and Access,Corporate VPN,job-corporat-29,Contoso Health,Remote,2 - Medium,3 - Low,4 - Low,low,Disk capacity warning on job-corporat-29,Filesystem utilization crossed operational threshold.,Service desk triage notes captured for job-corporat-29; owner group notified.,Solved Work Around,"Demo record resolved after triage, containment, and validation.",Jordan Lewis,,,,0,false,,,,,,,2026-06-03 20:13:31,2026-06-03 20:13:31,2026-06-07 04:22:31,,2026-06-07 04:22:31,ServiceNow,IT Service Management,ServiceNow IT Service Management,synthetic-servicenow,synthetic-demo,Change,All_Changes,change,updated,service_management,INC0010051,67a49749789944906c7257b1cb9aadc8,Hardware,incident,"business_service=Corporate VPN,priority=4 - Low,security_incident=false",Resolved,INC0010051,success,Kai Vasquez,Kai Vasquez,job-corporat-29,job-corporat-29,INC0010051,incident,Resolved
df7480ef1f6375bbc0c154604c59bd6f,INC0010052,Resolved,Resolved,false,Cloud,Access,phone,Drew Reed,Drew Reed,Jordan Lewis,Database Services,Email and Collaboration,node-email-an-04,Contoso Health,Remote,2 - Medium,1 - High,2 - High,high,Cloud role assignment review requested,Access governance workflow requires owner approval.,Service desk triage notes captured for node-email-an-04; owner group notified.,Solved Remotely (Permanently),"Demo record resolved after triage, containment, and validation.",Emerson Ibrahim,,,,2,false,,,,,,,2026-05-13 03:45:46,2026-05-13 03:45:46,2026-05-15 18:15:46,,2026-05-15 18:15:46,ServiceNow,IT Service Management,ServiceNow IT Service Management,synthetic-servicenow,synthetic-demo,Change,All_Changes,change,updated,service_management,INC0010052,df7480ef1f6375bbc0c154604c59bd6f,Cloud,incident,"business_service=Email and Collaboration,priority=2 - High,security_incident=false",Resolved,INC0010052,success,Drew Reed,Drew Reed,node-email-an-04,node-email-an-04,INC0010052,incident,Resolved
2718508d80496f238c8e1e04182f39f3,INC0010053,Closed,Closed,false,Cloud,Access,self-service,Drew Foster,Drew Foster,Kai Diaz,Application Support,Claims Portal,claims-web-03,Apex Manufacturing,Dallas - SOC,3 - Low,2 - Medium,4 - Low,low,Cloud role assignment review requested,Access governance workflow requires owner approval.,Service desk triage notes captured for claims-web-03; owner group notified.,Solved Remotely (Permanently),"Demo record resolved after triage, containment, and validation.",Casey Ortiz,,,,0,false,,,,,,,2026-06-20 22:34:57,2026-06-20 22:34:57,2026-06-22 05:50:57,2026-06-22 10:50:57,2026-06-22 10:50:57,ServiceNow,IT Service Management,ServiceNow IT Service Management,synthetic-servicenow,synthetic-demo,Change,All_Changes,change,updated,service_management,INC0010053,2718508d80496f238c8e1e04182f39f3,Cloud,incident,"business_service=Claims Portal,priority=4 - Low,security_incident=false",Closed,INC0010053,success,Drew Foster,Drew Foster,claims-web-03,claims-web-03,INC0010053,incident,Closed
800e6d5ac8df07453791f7e346523dae,INC0010054,Resolved,Resolved,false,Software,Patch,event,Taylor Morris,Taylor Morris,Sydney Kim,Service Desk,Data Warehouse,lt-data-war-34,Apex Manufacturing,Chicago - Data Center,2 - Medium,2 - Medium,3 - Moderate,medium,Patch validation failed on lt-data-war-34,Automated patch job reported failed post-install validation.,Service desk triage notes captured for lt-data-war-34; owner group notified.,Solved Work Around,"Demo record resolved after triage, containment, and validation.",Kai Diaz,,,,0,false,,,,,,,2026-07-06 15:10:01,2026-07-06 15:10:01,2026-07-09 06:14:01,,2026-07-09 06:14:01,ServiceNow,IT Service Management,ServiceNow IT Service Management,synthetic-servicenow,synthetic-demo,Change,All_Changes,change,updated,service_management,INC0010054,800e6d5ac8df07453791f7e346523dae,Software,incident,"business_service=Data Warehouse,priority=3 - Moderate,security_incident=false",Resolved,INC0010054,success,Taylor Morris,Taylor Morris,lt-data-war-34,lt-data-war-34,INC0010054,incident,Resolved
c83a41399c8d723bb7db86ad4096b982,INC0010055,Resolved,Resolved,false,Security,Defense Evasion,self-service,Quinn Lewis,Quinn Lewis,SOC Automation,Threat Response,Claims Portal,app-claims-p-20,Contoso Health,Singapore - Regional Office,3 - Low,2 - Medium,4 - Low,low,EDR sensor offline on critical asset app-claims-p-20,Critical asset stopped reporting EDR telemetry during active investigation window.,SOC triage opened from Splunk ES correlation results for app-claims-p-20. Splunk notable NE-2026-05-22-9233 linked.,Not Solved (Not Reproducible),"Demo record resolved after triage, containment, and validation.",SOC Automation,CHG0030018,,,0,true,NE-2026-05-22-9233,ESCU - Endpoint Security Agent Tampering,Defense Evasion,T1562,app-claims-p-20,35,2026-05-22 23:53:46,2026-05-22 23:53:46,2026-05-23 23:48:46,,2026-05-23 23:48:46,ServiceNow,IT Service Management,ServiceNow IT Service Management,synthetic-servicenow,synthetic-demo,Change,All_Changes,change,updated,service_management,INC0010055,c83a41399c8d723bb7db86ad4096b982,Security,incident,"business_service=Claims Portal,priority=4 - Low,security_incident=true",Resolved,INC0010055,success,Quinn Lewis,Quinn Lewis,app-claims-p-20,app-claims-p-20,INC0010055,incident,Resolved
bb8a6f19880712b985fb48d5f97cdb26,INC0010056,Resolved,Resolved,false,Cloud,Access,phone,Parker Morris,Parker Morris,Drew Foster,Network Operations,Corporate VPN,vpn-gw-02,Contoso Health,New York - HQ,3 - Low,2 - Medium,4 - Low,low,Cloud role assignment review requested,Access governance workflow requires owner approval.,Service desk triage notes captured for vpn-gw-02; owner group notified.,Solved Remotely (Permanently),"Demo record resolved after triage, containment, and validation.",Reese Carter,,,,0,false,,,,,,,2026-05-04 00:58:53,2026-05-04 00:58:53,2026-05-05 08:59:53,,2026-05-05 08:59:53,ServiceNow,IT Service Management,ServiceNow IT Service Management,synthetic-servicenow,synthetic-demo,Change,All_Changes,change,updated,service_management,INC0010056,bb8a6f19880712b985fb48d5f97cdb26,Cloud,incident,"business_service=Corporate VPN,priority=4 - Low,security_incident=false",Resolved,INC0010056,success,Parker Morris,Parker Morris,vpn-gw-02,vpn-gw-02,INC0010056,incident,Resolved
469f319379e3b36d24622076945d0302,INC0010057,Resolved,Resolved,false,Network,VPN,monitoring,Taylor Morris,Taylor Morris,Riley Jensen,Identity and Access,Corporate VPN,job-corporat-29,Apex Manufacturing,Chicago - Data Center,3 - Low,2 - Medium,4 - Low,low,VPN users report intermittent disconnects,Users report VPN reconnects during peak business hours.,Service desk triage notes captured for job-corporat-29; owner group notified.,Solved Work Around,"Demo record resolved after triage, containment, and validation.",Casey Morris,,,,0,false,,,,,,,2026-06-11 18:00:24,2026-06-11 18:00:24,2026-06-12 04:47:24,,2026-06-12 04:47:24,ServiceNow,IT Service Management,ServiceNow IT Service Management,synthetic-servicenow,synthetic-demo,Change,All_Changes,change,updated,service_management,INC0010057,469f319379e3b36d24622076945d0302,Network,incident,"business_service=Corporate VPN,priority=4 - Low,security_incident=false",Resolved,INC0010057,success,Taylor Morris,Taylor Morris,job-corporat-29,job-corporat-29,INC0010057,incident,Resolved
04c591701ac7e366bbff2895203ee4d0,INC0010058,In Progress,In Progress,true,Security,Credential Access,monitoring,Parker Morris,Parker Morris,Emerson Ibrahim,Identity and Access,Data Warehouse,web-data-war-14,Contoso Health,New York - HQ,3 - Low,2 - Medium,4 - Low,low,Multiple failed VPN logins followed by success for lfoster,Splunk ES detected repeated authentication failures followed by a successful VPN login for lfoster.,SOC triage opened from Splunk ES correlation results for web-data-war-14. Splunk notable NE-2026-05-03-1949 linked.,,,,CHG0030020,,,0,true,NE-2026-05-03-1949,ESCU - Excessive VPN Authentication Failures,Credential Access,T1110,web-data-war-14,58,2026-05-03 10:47:49,2026-05-03 10:47:49,,,2026-05-04 02:11:49,ServiceNow,IT Service Management,ServiceNow IT Service Management,synthetic-servicenow,synthetic-demo,Change,All_Changes,change,updated,service_management,INC0010058,04c591701ac7e366bbff2895203ee4d0,Security,incident,"business_service=Data Warehouse,priority=4 - Low,security_incident=true",In Progress,INC0010058,success,Parker Morris,Parker Morris,web-data-war-14,web-data-war-14,INC0010058,incident,In Progress
3e762dfa1b6c88c0ce07e69dcf2b843a,INC0010059,Resolved,Resolved,false,Application,Availability,self-service,Casey Ortiz,Casey Ortiz,Taylor Morris,Threat Response,Claims Portal,node-claims-p-18,Northwind Financial,Dallas - SOC,2 - Medium,2 - Medium,3 - Moderate,medium,Claims Portal transaction failures,Synthetic monitoring shows transaction failures above threshold.,Service desk triage notes captured for node-claims-p-18; owner group notified.,Solved Remotely (Permanently),"Demo record resolved after triage, containment, and validation.",Drew Reed,CHG0030005,,,0,false,,,,,,,2026-05-22 03:22:15,2026-05-22 03:22:15,2026-05-24 01:29:15,,2026-05-24 01:29:15,ServiceNow,IT Service Management,ServiceNow IT Service Management,synthetic-servicenow,synthetic-demo,Change,All_Changes,change,updated,service_management,INC0010059,3e762dfa1b6c88c0ce07e69dcf2b843a,Application,incident,"business_service=Claims Portal,priority=3 - Moderate,security_incident=false",Resolved,INC0010059,success,Casey Ortiz,Casey Ortiz,node-claims-p-18,node-claims-p-18,INC0010059,incident,Resolved
1ff97602a40ba98e0689f4fb51c42e74,INC0010060,Closed,Closed,false,Hardware,Disk,monitoring,Hayden Evans,Hayden Evans,Taylor Morris,Linux Platform,Email and Collaboration,web-email-an-13,City Power Utility,Singapore - Regional Office,3 - Low,1 - High,3 - Moderate,medium,Disk capacity warning on web-email-an-13,Filesystem utilization crossed operational threshold.,Service desk triage notes captured for web-email-an-13; owner group notified.,Solved Remotely (Permanently),"Demo record resolved after triage, containment, and validation.",Jamie Kim,,,,1,false,,,,,,,2026-05-15 08:42:47,2026-05-15 08:42:47,2026-05-19 08:36:47,2026-05-19 10:36:47,2026-05-19 10:36:47,ServiceNow,IT Service Management,ServiceNow IT Service Management,synthetic-servicenow,synthetic-demo,Change,All_Changes,change,updated,service_management,INC0010060,1ff97602a40ba98e0689f4fb51c42e74,Hardware,incident,"business_service=Email and Collaboration,priority=3 - Moderate,security_incident=false",Closed,INC0010060,success,Hayden Evans,Hayden Evans,web-email-an-13,web-email-an-13,INC0010060,incident,Closed
e8514dd93f4badea3e3672ce0d1692e2,INC0010061,New,New,true,Database,Performance,self-service,Parker Carter,Parker Carter,Kai Diaz,Database Services,Card Processing,prd-sql-pay-01,Contoso Health,Singapore - Regional Office,1 - High,2 - Medium,2 - High,high,High database latency on prd-sql-pay-01,Application owners report elevated query latency.,Service desk triage notes captured for prd-sql-pay-01; owner group notified.,,,,,,,0,false,,,,,,,2026-07-12 14:22:13,2026-07-12 14:22:13,,,2026-07-16 11:24:13,ServiceNow,IT Service Management,ServiceNow IT Service Management,synthetic-servicenow,synthetic-demo,Change,All_Changes,change,created,service_management,INC0010061,e8514dd93f4badea3e3672ce0d1692e2,Database,incident,"business_service=Card Processing,priority=2 - High,security_incident=false",New,INC0010061,success,Parker Carter,Parker Carter,prd-sql-pay-01,prd-sql-pay-01,INC0010061,incident,New
bf2faad51099ac0ccf22ae0a202af6b6,INC0010062,Closed,Closed,false,Security,Malware,phone,Harper Foster,Harper Foster,Casey Ortiz,Identity and Access,Corporate VPN,job-corporat-29,Apex Manufacturing,Remote,3 - Low,3 - Low,5 - Planning,informational,EDR malware quarantine on job-corporat-29,Endpoint detection quarantined suspicious payload and submitted telemetry for triage.,SOC triage opened from Splunk ES correlation results for job-corporat-29. Splunk notable NE-2026-04-26-6840 linked.,Solved Remotely (Permanently),"Demo record resolved after triage, containment, and validation.",Jamie Walker,,,,0,true,NE-2026-04-26-6840,ESCU - Malware Outbreak Detected,Execution,T1204,job-corporat-29,88,2026-04-26 01:02:15,2026-04-26 01:02:15,2026-04-27 06:13:15,2026-04-28 05:13:15,2026-04-28 05:13:15,ServiceNow,IT Service Management,ServiceNow IT Service Management,synthetic-servicenow,synthetic-demo,Change,All_Changes,change,updated,service_management,INC0010062,bf2faad51099ac0ccf22ae0a202af6b6,Security,incident,"business_service=Corporate VPN,priority=5 - Planning,security_incident=true",Closed,INC0010062,success,Harper Foster,Harper Foster,job-corporat-29,job-corporat-29,INC0010062,incident,Closed
9eac8e5a14390439fabab8e23173f842,INC0010063,Resolved,Resolved,false,Hardware,Disk,phone,Parker Evans,Parker Evans,Jamie Kim,Linux Platform,Data Warehouse,dw-etl-01,City Power Utility,Singapore - Regional Office,3 - Low,1 - High,3 - Moderate,medium,Disk capacity warning on dw-etl-01,Filesystem utilization crossed operational threshold.,Service desk triage notes captured for dw-etl-01; owner group notified.,Not Solved (Not Reproducible),"Demo record resolved after triage, containment, and validation.",Sydney Walker,,,,0,false,,,,,,,2026-07-10 05:45:00,2026-07-10 05:45:00,2026-07-11 14:49:00,,2026-07-11 14:49:00,ServiceNow,IT Service Management,ServiceNow IT Service Management,synthetic-servicenow,synthetic-demo,Change,All_Changes,change,updated,service_management,INC0010063,9eac8e5a14390439fabab8e23173f842,Hardware,incident,"business_service=Data Warehouse,priority=3 - Moderate,security_incident=false",Resolved,INC0010063,success,Parker Evans,Parker Evans,dw-etl-01,dw-etl-01,INC0010063,incident,Resolved
b5f792a1cb67aad7b7ceb606abcd956e,INC0010064,Resolved,Resolved,false,Email,Phishing,email,Reese Hughes,Reese Hughes,Riley Lewis,Cloud Platform,Corporate VPN,app-corporat-07,Northwind Financial,Chicago - Data Center,1 - High,3 - Low,3 - Moderate,medium,User-reported suspicious email,Employee reported suspicious email through the phishing add-in.,Service desk triage notes captured for app-corporat-07; owner group notified.,Solved Work Around,"Demo record resolved after triage, containment, and validation.",Casey Ortiz,,,,0,false,,,,,,,2026-06-28 19:20:02,2026-06-28 19:20:02,2026-06-30 02:40:02,,2026-06-30 02:40:02,ServiceNow,IT Service Management,ServiceNow IT Service Management,synthetic-servicenow,synthetic-demo,Change,All_Changes,change,updated,service_management,INC0010064,b5f792a1cb67aad7b7ceb606abcd956e,Email,incident,"business_service=Corporate VPN,priority=3 - Moderate,security_incident=false",Resolved,INC0010064,success,Reese Hughes,Reese Hughes,app-corporat-07,app-corporat-07,INC0010064,incident,Resolved
67ef7dd9573244fe797aa98c3739c187,INC0010065,Resolved,Resolved,false,Software,Patch,self-service,Jordan Lewis,Jordan Lewis,Harper Bennett,Identity and Access,Customer Identity,job-customer-25,Apex Manufacturing,Remote,3 - Low,1 - High,3 - Moderate,medium,Patch validation failed on job-customer-25,Automated patch job reported failed post-install validation.,Service desk triage notes captured for job-customer-25; owner group notified.,Solved Remotely (Permanently),"Demo record resolved after triage, containment, and validation.",Rowan Diaz,,,,0,false,,,,,,,2026-05-31 04:39:10,2026-05-31 04:39:10,2026-06-02 03:18:10,,2026-06-02 03:18:10,ServiceNow,IT Service Management,ServiceNow IT Service Management,synthetic-servicenow,synthetic-demo,Change,All_Changes,change,updated,service_management,INC0010065,67ef7dd9573244fe797aa98c3739c187,Software,incident,"business_service=Customer Identity,priority=3 - Moderate,security_incident=false",Resolved,INC0010065,success,Jordan Lewis,Jordan Lewis,job-customer-25,job-customer-25,INC0010065,incident,Resolved
5db2caad7c6b81329deb5c5cf023b8a0,INC0010066,Resolved,Resolved,false,Software,Patch,monitoring,Drew Foster,Drew Foster,Drew Foster,Application Support,ERP Finance,fin-erp-01,Apex Manufacturing,Dallas - SOC,1 - High,2 - Medium,2 - High,high,Patch validation failed on fin-erp-01,Automated patch job reported failed post-install validation.,Service desk triage notes captured for fin-erp-01; owner group notified.,Solved Remotely (Permanently),"Demo record resolved after triage, containment, and validation.",Casey Evans,,,,1,false,,,,,,,2026-07-07 02:45:05,2026-07-07 02:45:05,2026-07-10 14:46:05,,2026-07-10 14:46:05,ServiceNow,IT Service Management,ServiceNow IT Service Management,synthetic-servicenow,synthetic-demo,Change,All_Changes,change,updated,service_management,INC0010066,5db2caad7c6b81329deb5c5cf023b8a0,Software,incident,"business_service=ERP Finance,priority=2 - High,security_incident=false",Resolved,INC0010066,success,Drew Foster,Drew Foster,fin-erp-01,fin-erp-01,INC0010066,incident,Resolved
fe7364de332d21410acec8f2ff2eaa41,INC0010067,Closed,Closed,false,Security,Malware,phone,Kai Jensen,Kai Jensen,Hayden Ortiz,Security Operations,Email and Collaboration,app-email-an-19,Apex Manufacturing,Dallas - SOC,3 - Low,2 - Medium,4 - Low,low,EDR malware quarantine on app-email-an-19,Endpoint detection quarantined suspicious payload and submitted telemetry for triage.,SOC triage opened from Splunk ES correlation results for app-email-an-19. Splunk notable NE-2026-05-18-3768 linked.,Not Solved (Not Reproducible),"Demo record resolved after triage, containment, and validation.",Harper Foster,,,,0,true,NE-2026-05-18-3768,ESCU - Malware Outbreak Detected,Execution,T1204,app-email-an-19,90,2026-05-18 12:20:34,2026-05-18 12:20:34,2026-05-21 20:43:34,2026-05-22 11:43:34,2026-05-22 11:43:34,ServiceNow,IT Service Management,ServiceNow IT Service Management,synthetic-servicenow,synthetic-demo,Change,All_Changes,change,updated,service_management,INC0010067,fe7364de332d21410acec8f2ff2eaa41,Security,incident,"business_service=Email and Collaboration,priority=4 - Low,security_incident=true",Closed,INC0010067,success,Kai Jensen,Kai Jensen,app-email-an-19,app-email-an-19,INC0010067,incident,Closed
72bdf7e2ea4c05999ec3f5744afaf41a,INC0010068,New,New,true,Security,Credential Access,event,Jamie Hughes,Jamie Hughes,SOC Automation,Identity and Access,Card Processing,web-card-pro-36,Apex Manufacturing,Chicago - Data Center,3 - Low,2 - Medium,4 - Low,low,Multiple failed VPN logins followed by success for cevans,Splunk ES detected repeated authentication failures followed by a successful VPN login for cevans.,SOC triage opened from Splunk ES correlation results for web-card-pro-36. Splunk notable NE-2026-05-25-6845 linked.,,,,,,,0,true,NE-2026-05-25-6845,ESCU - Excessive VPN Authentication Failures,Credential Access,T1110,web-card-pro-36,79,2026-05-25 08:07:07,2026-05-25 08:07:07,,,2026-05-26 09:30:07,ServiceNow,IT Service Management,ServiceNow IT Service Management,synthetic-servicenow,synthetic-demo,Change,All_Changes,change,created,service_management,INC0010068,72bdf7e2ea4c05999ec3f5744afaf41a,Security,incident,"business_service=Card Processing,priority=4 - Low,security_incident=true",New,INC0010068,success,Jamie Hughes,Jamie Hughes,web-card-pro-36,web-card-pro-36,INC0010068,incident,New
77f0c463694b0a1497e0983a11e008ea,INC0010069,Closed,Closed,false,Application,Availability,monitoring,Jordan Ortiz,Jordan Ortiz,Parker Morris,Network Operations,Email and Collaboration,job-email-an-27,Northwind Financial,Remote,3 - Low,2 - Medium,4 - Low,low,Email and Collaboration transaction failures,Synthetic monitoring shows transaction failures above threshold.,Service desk triage notes captured for job-email-an-27; owner group notified.,Solved Work Around,"Demo record resolved after triage, containment, and validation.",Jordan Kim,,,,0,false,,,,,,,2026-05-30 05:42:15,2026-05-30 05:42:15,2026-05-31 04:55:15,2026-05-31 15:55:15,2026-05-31 15:55:15,ServiceNow,IT Service Management,ServiceNow IT Service Management,synthetic-servicenow,synthetic-demo,Change,All_Changes,change,updated,service_management,INC0010069,77f0c463694b0a1497e0983a11e008ea,Application,incident,"business_service=Email and Collaboration,priority=4 - Low,security_incident=false",Closed,INC0010069,success,Jordan Ortiz,Jordan Ortiz,job-email-an-27,job-email-an-27,INC0010069,incident,Closed
0ede28afea2710c8a76733a33fcd309c,INC0010070,Closed,Closed,false,Security,Malware,self-service,Alex Hughes,Alex Hughes,Parker Evans,Security Operations,Card Processing,web-card-pro-39,Apex Manufacturing,Chicago - Data Center,2 - Medium,3 - Low,4 - Low,low,EDR malware quarantine on web-card-pro-39,Endpoint detection quarantined suspicious payload and submitted telemetry for triage.,SOC triage opened from Splunk ES correlation results for web-card-pro-39.,Solved Work Around,"Demo record resolved after triage, containment, and validation.",Kai Lewis,,,,0,true,,ESCU - Malware Outbreak Detected,Execution,T1204,web-card-pro-39,50,2026-06-14 06:59:33,2026-06-14 06:59:33,2026-06-15 16:11:33,2026-06-16 03:11:33,2026-06-16 03:11:33,ServiceNow,IT Service Management,ServiceNow IT Service Management,synthetic-servicenow,synthetic-demo,Change,All_Changes,change,updated,service_management,INC0010070,0ede28afea2710c8a76733a33fcd309c,Security,incident,"business_service=Card Processing,priority=4 - Low,security_incident=true",Closed,INC0010070,success,Alex Hughes,Alex Hughes,web-card-pro-39,web-card-pro-39,INC0010070,incident,Closed
d44f72ef4919ac0f38013ffa4a88bef6,INC0010071,Resolved,Resolved,false,Security,Credential Access,email,Kai Vasquez,Kai Vasquez,Hayden Evans,Identity and Access,Email and Collaboration,web-email-an-13,Contoso Health,Remote,3 - Low,2 - Medium,4 - Low,low,Multiple failed VPN logins followed by success for qwalker,Splunk ES detected repeated authentication failures followed by a successful VPN login for qwalker.,SOC triage opened from Splunk ES correlation results for web-email-an-13.,Not Solved (Not Reproducible),"Demo record resolved after triage, containment, and validation.",Drew Patel,,,,0,true,,ESCU - Excessive VPN Authentication Failures,Credential Access,T1110,web-email-an-13,82,2026-04-19 20:50:41,2026-04-19 20:50:41,2026-04-20 00:12:41,,2026-04-20 00:12:41,ServiceNow,IT Service Management,ServiceNow IT Service Management,synthetic-servicenow,synthetic-demo,Change,All_Changes,change,updated,service_management,INC0010071,d44f72ef4919ac0f38013ffa4a88bef6,Security,incident,"business_service=Email and Collaboration,priority=4 - Low,security_incident=true",Resolved,INC0010071,success,Kai Vasquez,Kai Vasquez,web-email-an-13,web-email-an-13,INC0010071,incident,Resolved
38439e558f1070b63ffb228ba1d535a7,INC0010072,In Progress,In Progress,true,Security,Defense Evasion,phone,Parker Evans,Parker Evans,Jordan Singh,Threat Response,Online Banking,web-online-b-24,City Power Utility,Singapore - Regional Office,2 - Medium,3 - Low,4 - Low,low,EDR sensor offline on critical asset web-online-b-24,Critical asset stopped reporting EDR telemetry during active investigation window.,SOC triage opened from Splunk ES correlation results for web-online-b-24.,,,,,,,0,true,,ESCU - Endpoint Security Agent Tampering,Defense Evasion,T1562,web-online-b-24,94,2026-07-03 04:05:39,2026-07-03 04:05:39,,,2026-07-06 05:03:39,ServiceNow,IT Service Management,ServiceNow IT Service Management,synthetic-servicenow,synthetic-demo,Change,All_Changes,change,updated,service_management,INC0010072,38439e558f1070b63ffb228ba1d535a7,Security,incident,"business_service=Online Banking,priority=4 - Low,security_incident=true",In Progress,INC0010072,success,Parker Evans,Parker Evans,web-online-b-24,web-online-b-24,INC0010072,incident,In Progress
31aa87050b0f8a9c658c111f100f105f,INC0010073,Closed,Closed,false,Database,Performance,event,Cameron Hughes,Cameron Hughes,Jamie Morris,Endpoint Engineering,Manufacturing MES,web-manufact-01,Northwind Financial,Chicago - Data Center,2 - Medium,1 - High,2 - High,high,High database latency on web-manufact-01,Application owners report elevated query latency.,Service desk triage notes captured for web-manufact-01; owner group notified.,Solved Remotely (Permanently),"Demo record resolved after triage, containment, and validation.",Drew Reed,,,,0,false,,,,,,,2026-05-26 18:41:27,2026-05-26 18:41:27,2026-05-28 21:50:27,2026-05-29 04:50:27,2026-05-29 04:50:27,ServiceNow,IT Service Management,ServiceNow IT Service Management,synthetic-servicenow,synthetic-demo,Change,All_Changes,change,updated,service_management,INC0010073,31aa87050b0f8a9c658c111f100f105f,Database,incident,"business_service=Manufacturing MES,priority=2 - High,security_incident=false",Closed,INC0010073,success,Cameron Hughes,Cameron Hughes,web-manufact-01,web-manufact-01,INC0010073,incident,Closed
9a7750cad3956d6cba39b17d5dc1479e,INC0010074,Resolved,Resolved,false,Security,Privilege Escalation,event,Jamie Walker,Jamie Walker,Avery Reed,Threat Response,Security Monitoring,edr-mgmt-01,Apex Manufacturing,Chicago - Data Center,3 - Low,1 - High,3 - Moderate,medium,Privileged group membership change for pevans,Identity audit logs showed a privileged group membership change requiring validation.,SOC triage opened from Splunk ES correlation results for edr-mgmt-01.,Not Solved (Not Reproducible),"Demo record resolved after triage, containment, and validation.",Reese Walker,,,,0,true,,ESCU - Windows AD Privileged Group Modification,Privilege Escalation,T1098,edr-mgmt-01,90,2026-06-27 13:31:17,2026-06-27 13:31:17,2026-07-01 01:42:17,,2026-07-01 01:42:17,ServiceNow,IT Service Management,ServiceNow IT Service Management,synthetic-servicenow,synthetic-demo,Change,All_Changes,change,updated,service_management,INC0010074,9a7750cad3956d6cba39b17d5dc1479e,Security,incident,"business_service=Security Monitoring,priority=3 - Moderate,security_incident=true",Resolved,INC0010074,success,Jamie Walker,Jamie Walker,edr-mgmt-01,edr-mgmt-01,INC0010074,incident,Resolved
a63f65702db5315a6a7546e0c8b68533,INC0010075,Closed,Closed,false,Security,Credential Access,monitoring,Jamie Hughes,Jamie Hughes,Jamie Kim,Identity and Access,Payments API,prd-pay-api-01,Apex Manufacturing,Chicago - Data Center,2 - Medium,1 - High,2 - High,high,Multiple failed VPN logins followed by success for msingh,Splunk ES detected repeated authentication failures followed by a successful VPN login for msingh.,SOC triage opened from Splunk ES correlation results for prd-pay-api-01.,Solved Remotely (Permanently),"Demo record resolved after triage, containment, and validation.",Parker Evans,,,,0,true,,ESCU - Excessive VPN Authentication Failures,Credential Access,T1110,prd-pay-api-01,37,2026-04-21 16:34:14,2026-04-21 16:34:14,2026-04-23 09:03:14,2026-04-23 13:03:14,2026-04-23 13:03:14,ServiceNow,IT Service Management,ServiceNow IT Service Management,synthetic-servicenow,synthetic-demo,Change,All_Changes,change,updated,service_management,INC0010075,a63f65702db5315a6a7546e0c8b68533,Security,incident,"business_service=Payments API,priority=2 - High,security_incident=true",Closed,INC0010075,success,Jamie Hughes,Jamie Hughes,prd-pay-api-01,prd-pay-api-01,INC0010075,incident,Closed
34a2a7556415e9c666ff277411028e52,INC0010076,On Hold,On Hold,true,Database,Performance,phone,Quinn Lewis,Quinn Lewis,Sydney Kim,Network Operations,Card Processing,job-card-pro-17,Contoso Health,Singapore - Regional Office,2 - Medium,3 - Low,4 - Low,low,High database latency on job-card-pro-17,Application owners report elevated query latency.,Service desk triage notes captured for job-card-pro-17; owner group notified.,,,,,,,0,false,,,,,,,2026-06-30 07:26:09,2026-06-30 07:26:09,,,2026-07-02 23:34:09,ServiceNow,IT Service Management,ServiceNow IT Service Management,synthetic-servicenow,synthetic-demo,Change,All_Changes,change,updated,service_management,INC0010076,34a2a7556415e9c666ff277411028e52,Database,incident,"business_service=Card Processing,priority=4 - Low,security_incident=false",On Hold,INC0010076,success,Quinn Lewis,Quinn Lewis,job-card-pro-17,job-card-pro-17,INC0010076,incident,On Hold
c09d0dd24a776935f88acd6a43acae41,INC0010077,Resolved,Resolved,false,Hardware,Disk,event,Emerson Ibrahim,Emerson Ibrahim,Kai Diaz,Database Services,Customer Identity,job-customer-05,City Power Utility,Singapore - Regional Office,2 - Medium,3 - Low,4 - Low,low,Disk capacity warning on job-customer-05,Filesystem utilization crossed operational threshold.,Service desk triage notes captured for job-customer-05; owner group notified.,Not Solved (Not Reproducible),"Demo record resolved after triage, containment, and validation.",Jamie Hughes,,,,0,false,,,,,,,2026-04-25 21:02:26,2026-04-25 21:02:26,2026-04-29 11:23:26,,2026-04-29 11:23:26,ServiceNow,IT Service Management,ServiceNow IT Service Management,synthetic-servicenow,synthetic-demo,Change,All_Changes,change,updated,service_management,INC0010077,c09d0dd24a776935f88acd6a43acae41,Hardware,incident,"business_service=Customer Identity,priority=4 - Low,security_incident=false",Resolved,INC0010077,success,Emerson Ibrahim,Emerson Ibrahim,job-customer-05,job-customer-05,INC0010077,incident,Resolved
055a1f99502f4996ac7400402452bf75,INC0010078,In Progress,In Progress,true,Application,Availability,monitoring,Avery Reed,Avery Reed,Cameron Foster,Network Operations,Email and Collaboration,job-email-an-27,Apex Manufacturing,Dallas - SOC,1 - High,2 - Medium,2 - High,high,Email and Collaboration transaction failures,Synthetic monitoring shows transaction failures above threshold.,Service desk triage notes captured for job-email-an-27; owner group notified.,,,,,,,0,false,,,,,,,2026-06-09 00:04:37,2026-06-09 00:04:37,,,2026-06-10 13:19:37,ServiceNow,IT Service Management,ServiceNow IT Service Management,synthetic-servicenow,synthetic-demo,Change,All_Changes,change,updated,service_management,INC0010078,055a1f99502f4996ac7400402452bf75,Application,incident,"business_service=Email and Collaboration,priority=2 - High,security_incident=false",In Progress,INC0010078,success,Avery Reed,Avery Reed,job-email-an-27,job-email-an-27,INC0010078,incident,In Progress
e807b51ba5009186f8fa9f5a661181af,INC0010079,Resolved,Resolved,false,Security,Malware,email,Parker Patel,Parker Patel,Casey Ibrahim,Security Operations,ERP Finance,app-erp-fina-38,Northwind Financial,New York - HQ,3 - Low,3 - Low,5 - Planning,informational,EDR malware quarantine on app-erp-fina-38,Endpoint detection quarantined suspicious payload and submitted telemetry for triage.,SOC triage opened from Splunk ES correlation results for app-erp-fina-38.,Solved Work Around,"Demo record resolved after triage, containment, and validation.",Taylor Ibrahim,CHG0030039,,,0,true,,ESCU - Malware Outbreak Detected,Execution,T1204,app-erp-fina-38,36,2026-06-09 13:21:06,2026-06-09 13:21:06,2026-06-12 09:59:06,,2026-06-12 09:59:06,ServiceNow,IT Service Management,ServiceNow IT Service Management,synthetic-servicenow,synthetic-demo,Change,All_Changes,change,updated,service_management,INC0010079,e807b51ba5009186f8fa9f5a661181af,Security,incident,"business_service=ERP Finance,priority=5 - Planning,security_incident=true",Resolved,INC0010079,success,Parker Patel,Parker Patel,app-erp-fina-38,app-erp-fina-38,INC0010079,incident,Resolved
7955ffd3c14956dbfd90900555ffd36e,INC0010080,Resolved,Resolved,false,Software,Patch,phone,Reese Carter,Reese Carter,Taylor Morris,Endpoint Engineering,Email and Collaboration,app-email-an-19,Contoso Health,Dallas - SOC,1 - High,2 - Medium,2 - High,high,Patch validation failed on app-email-an-19,Automated patch job reported failed post-install validation.,Service desk triage notes captured for app-email-an-19; owner group notified.,Not Solved (Not Reproducible),"Demo record resolved after triage, containment, and validation.",Jordan Lewis,,,,0,false,,,,,,,2026-07-13 20:50:10,2026-07-13 20:50:10,2026-07-15 16:26:10,,2026-07-15 16:26:10,ServiceNow,IT Service Management,ServiceNow IT Service Management,synthetic-servicenow,synthetic-demo,Change,All_Changes,change,updated,service_management,INC0010080,7955ffd3c14956dbfd90900555ffd36e,Software,incident,"business_service=Email and Collaboration,priority=2 - High,security_incident=false",Resolved,INC0010080,success,Reese Carter,Reese Carter,app-email-an-19,app-email-an-19,INC0010080,incident,Resolved
fccd289615acfc85ff7cde745b80c291,INC0010081,In Progress,In Progress,true,Hardware,Disk,email,Taylor Morris,Taylor Morris,Jamie Morris,Cloud Platform,Customer Identity,web-customer-23,Apex Manufacturing,Chicago - Data Center,2 - Medium,3 - Low,4 - Low,low,Disk capacity warning on web-customer-23,Filesystem utilization crossed operational threshold.,Service desk triage notes captured for web-customer-23; owner group notified.,,,,,,,1,false,,,,,,,2026-05-05 00:55:15,2026-05-05 00:55:15,,,2026-05-08 12:05:15,ServiceNow,IT Service Management,ServiceNow IT Service Management,synthetic-servicenow,synthetic-demo,Change,All_Changes,change,updated,service_management,INC0010081,fccd289615acfc85ff7cde745b80c291,Hardware,incident,"business_service=Customer Identity,priority=4 - Low,security_incident=false",In Progress,INC0010081,success,Taylor Morris,Taylor Morris,web-customer-23,web-customer-23,INC0010081,incident,In Progress
1cdc3d5029e00c9180d99de869bd25c7,INC0010082,Closed,Closed,false,Software,Patch,event,Hayden Ortiz,Hayden Ortiz,Alex Vasquez,Database Services,Card Processing,prd-sql-pay-02,Northwind Financial,New York - HQ,1 - High,3 - Low,3 - Moderate,medium,Patch validation failed on prd-sql-pay-02,Automated patch job reported failed post-install validation.,Service desk triage notes captured for prd-sql-pay-02; owner group notified.,Solved Work Around,"Demo record resolved after triage, containment, and validation.",Drew Patel,,,,0,false,,,,,,,2026-06-14 03:38:30,2026-06-14 03:38:30,2026-06-15 20:45:30,2026-06-16 08:45:30,2026-06-16 08:45:30,ServiceNow,IT Service Management,ServiceNow IT Service Management,synthetic-servicenow,synthetic-demo,Change,All_Changes,change,updated,service_management,INC0010082,1cdc3d5029e00c9180d99de869bd25c7,Software,incident,"business_service=Card Processing,priority=3 - Moderate,security_incident=false",Closed,INC0010082,success,Hayden Ortiz,Hayden Ortiz,prd-sql-pay-02,prd-sql-pay-02,INC0010082,incident,Closed
199d0996cac83f5a7465c0919cb60561,INC0010083,Closed,Closed,false,Email,Phishing,self-service,Kai Diaz,Kai Diaz,Jamie Hughes,Threat Response,Card Processing,web-card-pro-36,Contoso Health,Singapore - Regional Office,2 - Medium,2 - Medium,3 - Moderate,medium,User-reported suspicious email,Employee reported suspicious email through the phishing add-in.,Service desk triage notes captured for web-card-pro-36; owner group notified.,Solved Remotely (Permanently),"Demo record resolved after triage, containment, and validation.",Cameron Foster,,,,0,false,,,,,,,2026-06-16 23:44:11,2026-06-16 23:44:11,2026-06-20 11:25:11,2026-06-21 06:25:11,2026-06-21 06:25:11,ServiceNow,IT Service Management,ServiceNow IT Service Management,synthetic-servicenow,synthetic-demo,Change,All_Changes,change,updated,service_management,INC0010083,199d0996cac83f5a7465c0919cb60561,Email,incident,"business_service=Card Processing,priority=3 - Moderate,security_incident=false",Closed,INC0010083,success,Kai Diaz,Kai Diaz,web-card-pro-36,web-card-pro-36,INC0010083,incident,Closed
c922ef63f6ab6927f78c7f09dc71cd41,INC0010084,In Progress,In Progress,true,Security,Privilege Escalation,email,Harper Bennett,Harper Bennett,Kai Vasquez,Threat Response,Customer Identity,app-customer-03,Apex Manufacturing,New York - HQ,3 - Low,2 - Medium,4 - Low,low,Privileged group membership change for hreed,Identity audit logs showed a privileged group membership change requiring validation.,SOC triage opened from Splunk ES correlation results for app-customer-03.,,,,,,,0,true,,ESCU - Windows AD Privileged Group Modification,Privilege Escalation,T1098,app-customer-03,76,2026-07-09 10:49:53,2026-07-09 10:49:53,,,2026-07-12 21:49:53,ServiceNow,IT Service Management,ServiceNow IT Service Management,synthetic-servicenow,synthetic-demo,Change,All_Changes,change,updated,service_management,INC0010084,c922ef63f6ab6927f78c7f09dc71cd41,Security,incident,"business_service=Customer Identity,priority=4 - Low,security_incident=true",In Progress,INC0010084,success,Harper Bennett,Harper Bennett,app-customer-03,app-customer-03,INC0010084,incident,In Progress
12e0fea4b000b2e625f7abec099ebcab,INC0010085,Resolved,Resolved,false,Cloud,Access,self-service,Jamie Kim,Jamie Kim,Sydney Walker,Cloud Platform,Payments API,web-payments-40,Northwind Financial,New York - HQ,3 - Low,2 - Medium,4 - Low,low,Cloud role assignment review requested,Access governance workflow requires owner approval.,Service desk triage notes captured for web-payments-40; owner group notified.,Solved Work Around,"Demo record resolved after triage, containment, and validation.",Cameron Singh,,,,0,false,,,,,,,2026-04-29 19:48:45,2026-04-29 19:48:45,2026-05-03 07:43:45,,2026-05-03 07:43:45,ServiceNow,IT Service Management,ServiceNow IT Service Management,synthetic-servicenow,synthetic-demo,Change,All_Changes,change,updated,service_management,INC0010085,12e0fea4b000b2e625f7abec099ebcab,Cloud,incident,"business_service=Payments API,priority=4 - Low,security_incident=false",Resolved,INC0010085,success,Jamie Kim,Jamie Kim,web-payments-40,web-payments-40,INC0010085,incident,Resolved
0df9e7de501b22881923c28ba2824eb1,INC0010086,In Progress,In Progress,true,Security,Privilege Escalation,self-service,Casey Evans,Casey Evans,Harper Foster,Identity and Access,Customer Identity,app-customer-03,City Power Utility,Chicago - Data Center,2 - Medium,2 - Medium,3 - Moderate,medium,Privileged group membership change for csingh,Identity audit logs showed a privileged group membership change requiring validation.,SOC triage opened from Splunk ES correlation results for app-customer-03. Splunk notable NE-2026-04-16-0959 linked.,,,,,,,0,true,NE-2026-04-16-0959,ESCU - Windows AD Privileged Group Modification,Privilege Escalation,T1098,app-customer-03,84,2026-04-16 08:04:07,2026-04-16 08:04:07,,,2026-04-17 05:56:07,ServiceNow,IT Service Management,ServiceNow IT Service Management,synthetic-servicenow,synthetic-demo,Change,All_Changes,change,updated,service_management,INC0010086,0df9e7de501b22881923c28ba2824eb1,Security,incident,"business_service=Customer Identity,priority=3 - Moderate,security_incident=true",In Progress,INC0010086,success,Casey Evans,Casey Evans,app-customer-03,app-customer-03,INC0010086,incident,In Progress
c773ad2fcbd3cbcdc5d63f5862b702fe,INC0010087,Closed,Closed,false,Software,Patch,email,Alex Carter,Alex Carter,Kai Jensen,Windows Server,Email and Collaboration,mail-edge-01,Northwind Financial,Singapore - Regional Office,1 - High,3 - Low,3 - Moderate,medium,Patch validation failed on mail-edge-01,Automated patch job reported failed post-install validation.,Service desk triage notes captured for mail-edge-01; owner group notified.,Solved Remotely (Permanently),"Demo record resolved after triage, containment, and validation.",Morgan Singh,,,,0,false,,,,,,,2026-05-21 03:43:20,2026-05-21 03:43:20,2026-05-23 22:34:20,2026-05-24 14:34:20,2026-05-24 14:34:20,ServiceNow,IT Service Management,ServiceNow IT Service Management,synthetic-servicenow,synthetic-demo,Change,All_Changes,change,updated,service_management,INC0010087,c773ad2fcbd3cbcdc5d63f5862b702fe,Software,incident,"business_service=Email and Collaboration,priority=3 - Moderate,security_incident=false",Closed,INC0010087,success,Alex Carter,Alex Carter,mail-edge-01,mail-edge-01,INC0010087,incident,Closed
189b3078a66d20a79475ae02368ddbed,INC0010088,In Progress,In Progress,true,Security,Credential Access,phone,Parker Carter,Parker Carter,Avery Reed,Threat Response,Card Processing,prd-sql-pay-02,Contoso Health,Singapore - Regional Office,2 - Medium,3 - Low,4 - Low,low,Multiple failed VPN logins followed by success for ahughes,Splunk ES detected repeated authentication failures followed by a successful VPN login for ahughes.,SOC triage opened from Splunk ES correlation results for prd-sql-pay-02.,,,,,,,0,true,,ESCU - Excessive VPN Authentication Failures,Credential Access,T1110,prd-sql-pay-02,38,2026-05-04 22:26:32,2026-05-04 22:26:32,,,2026-05-08 13:23:32,ServiceNow,IT Service Management,ServiceNow IT Service Management,synthetic-servicenow,synthetic-demo,Change,All_Changes,change,updated,service_management,INC0010088,189b3078a66d20a79475ae02368ddbed,Security,incident,"business_service=Card Processing,priority=4 - Low,security_incident=true",In Progress,INC0010088,success,Parker Carter,Parker Carter,prd-sql-pay-02,prd-sql-pay-02,INC0010088,incident,In Progress
f7c89aa00a21bcc05f27972edc934bf0,INC0010089,In Progress,In Progress,true,Network,VPN,email,Kai Ortiz,Kai Ortiz,Taylor Ibrahim,Identity and Access,Corporate VPN,lt-corporat-33,Apex Manufacturing,New York - HQ,2 - Medium,2 - Medium,3 - Moderate,medium,VPN users report intermittent disconnects,Users report VPN reconnects during peak business hours.,Service desk triage notes captured for lt-corporat-33; owner group notified.,,,,,,,2,false,,,,,,,2026-05-30 17:08:09,2026-05-30 17:08:09,,,2026-05-31 20:44:09,ServiceNow,IT Service Management,ServiceNow IT Service Management,synthetic-servicenow,synthetic-demo,Change,All_Changes,change,updated,service_management,INC0010089,f7c89aa00a21bcc05f27972edc934bf0,Network,incident,"business_service=Corporate VPN,priority=3 - Moderate,security_incident=false",In Progress,INC0010089,success,Kai Ortiz,Kai Ortiz,lt-corporat-33,lt-corporat-33,INC0010089,incident,In Progress
db90a96696cbbe43663fec984a12715d,INC0010090,Resolved,Resolved,false,Security,Privilege Escalation,monitoring,Jamie Morris,Jamie Morris,Taylor Ibrahim,Security Operations,Claims Portal,app-claims-p-20,Contoso Health,Remote,3 - Low,3 - Low,5 - Planning,informational,Privileged group membership change for cfoster,Identity audit logs showed a privileged group membership change requiring validation.,SOC triage opened from Splunk ES correlation results for app-claims-p-20.,Solved Remotely (Permanently),"Demo record resolved after triage, containment, and validation.",Jamie Ortiz,,,,0,true,,ESCU - Windows AD Privileged Group Modification,Privilege Escalation,T1098,app-claims-p-20,49,2026-06-30 13:52:12,2026-06-30 13:52:12,2026-07-03 16:19:12,,2026-07-03 16:19:12,ServiceNow,IT Service Management,ServiceNow IT Service Management,synthetic-servicenow,synthetic-demo,Change,All_Changes,change,updated,service_management,INC0010090,db90a96696cbbe43663fec984a12715d,Security,incident,"business_service=Claims Portal,priority=5 - Planning,security_incident=true",Resolved,INC0010090,success,Jamie Morris,Jamie Morris,app-claims-p-20,app-claims-p-20,INC0010090,incident,Resolved
e4dc51f3eacd0f1b3e2b1cd5c85ec4a7,INC0010091,Resolved,Resolved,false,Hardware,Disk,monitoring,Kai Vasquez,Kai Vasquez,Avery Reed,Service Desk,Data Warehouse,lt-data-war-34,Contoso Health,Remote,3 - Low,3 - Low,5 - Planning,informational,Disk capacity warning on lt-data-war-34,Filesystem utilization crossed operational threshold.,Service desk triage notes captured for lt-data-war-34; owner group notified.,Not Solved (Not Reproducible),"Demo record resolved after triage, containment, and validation.",Kai Vasquez,,,,0,false,,,,,,,2026-06-05 22:56:16,2026-06-05 22:56:16,2026-06-09 19:47:16,,2026-06-09 19:47:16,ServiceNow,IT Service Management,ServiceNow IT Service Management,synthetic-servicenow,synthetic-demo,Change,All_Changes,change,updated,service_management,INC0010091,e4dc51f3eacd0f1b3e2b1cd5c85ec4a7,Hardware,incident,"business_service=Data Warehouse,priority=5 - Planning,security_incident=false",Resolved,INC0010091,success,Kai Vasquez,Kai Vasquez,lt-data-war-34,lt-data-war-34,INC0010091,incident,Resolved
9b5487785b7062f287de79a3d7cc43c7,INC0010092,Closed,Closed,false,Application,Availability,self-service,Drew Reed,Drew Reed,Reese Carter,Linux Platform,Data Warehouse,dw-etl-01,Contoso Health,Remote,2 - Medium,3 - Low,4 - Low,low,Data Warehouse transaction failures,Synthetic monitoring shows transaction failures above threshold.,Service desk triage notes captured for dw-etl-01; owner group notified.,Solved Work Around,"Demo record resolved after triage, containment, and validation.",Reese Jensen,,,,1,false,,,,,,,2026-06-07 08:30:22,2026-06-07 08:30:22,2026-06-11 06:45:22,2026-06-11 18:45:22,2026-06-11 18:45:22,ServiceNow,IT Service Management,ServiceNow IT Service Management,synthetic-servicenow,synthetic-demo,Change,All_Changes,change,updated,service_management,INC0010092,9b5487785b7062f287de79a3d7cc43c7,Application,incident,"business_service=Data Warehouse,priority=4 - Low,security_incident=false",Closed,INC0010092,success,Drew Reed,Drew Reed,dw-etl-01,dw-etl-01,INC0010092,incident,Closed
be850bc28b772fecace0411ebb84787c,INC0010093,In Progress,In Progress,true,Security,Data Loss,phone,Riley Jensen,Riley Jensen,Cameron Foster,Threat Response,Card Processing,lt-card-pro-31,Contoso Health,Singapore - Regional Office,3 - Low,3 - Low,5 - Planning,informational,Unusual outbound data transfer from lt-card-pro-31,Splunk ES risk rules identified high-volume outbound transfer outside the normal peer group.,SOC triage opened from Splunk ES correlation results for lt-card-pro-31. Splunk notable NE-2026-05-16-1033 linked.,,,,,,,0,true,NE-2026-05-16-1033,ESCU - High Volume Data Transfer to External Destination,Exfiltration,T1041,lt-card-pro-31,43,2026-05-16 22:15:40,2026-05-16 22:15:40,,,2026-05-20 07:54:40,ServiceNow,IT Service Management,ServiceNow IT Service Management,synthetic-servicenow,synthetic-demo,Change,All_Changes,change,updated,service_management,INC0010093,be850bc28b772fecace0411ebb84787c,Security,incident,"business_service=Card Processing,priority=5 - Planning,security_incident=true",In Progress,INC0010093,success,Riley Jensen,Riley Jensen,lt-card-pro-31,lt-card-pro-31,INC0010093,incident,In Progress
28bfc877bfab64b6d34e215e86486c8c,INC0010094,Resolved,Resolved,false,Network,VPN,phone,Jordan Ortiz,Jordan Ortiz,Casey Ibrahim,Cloud Platform,ERP Finance,app-erp-fina-38,Northwind Financial,Remote,3 - Low,2 - Medium,4 - Low,low,VPN users report intermittent disconnects,Users report VPN reconnects during peak business hours.,Service desk triage notes captured for app-erp-fina-38; owner group notified.,Not Solved (Not Reproducible),"Demo record resolved after triage, containment, and validation.",Drew Patel,,,,0,false,,,,,,,2026-05-14 09:53:22,2026-05-14 09:53:22,2026-05-14 21:10:22,,2026-05-14 21:10:22,ServiceNow,IT Service Management,ServiceNow IT Service Management,synthetic-servicenow,synthetic-demo,Change,All_Changes,change,updated,service_management,INC0010094,28bfc877bfab64b6d34e215e86486c8c,Network,incident,"business_service=ERP Finance,priority=4 - Low,security_incident=false",Resolved,INC0010094,success,Jordan Ortiz,Jordan Ortiz,app-erp-fina-38,app-erp-fina-38,INC0010094,incident,Resolved
b3b765da1357bf739da77c1aa45a705d,INC0010095,On Hold,On Hold,true,Network,VPN,email,Parker Vasquez,Parker Vasquez,Alex Carter,Identity and Access,Card Processing,app-card-pro-32,City Power Utility,New York - HQ,3 - Low,2 - Medium,4 - Low,low,VPN users report intermittent disconnects,Users report VPN reconnects during peak business hours.,Service desk triage notes captured for app-card-pro-32; owner group notified.,,,,,,,0,false,,,,,,,2026-04-15 19:12:55,2026-04-15 19:12:55,,,2026-04-17 19:23:55,ServiceNow,IT Service Management,ServiceNow IT Service Management,synthetic-servicenow,synthetic-demo,Change,All_Changes,change,updated,service_management,INC0010095,b3b765da1357bf739da77c1aa45a705d,Network,incident,"business_service=Card Processing,priority=4 - Low,security_incident=false",On Hold,INC0010095,success,Parker Vasquez,Parker Vasquez,app-card-pro-32,app-card-pro-32,INC0010095,incident,On Hold
d41101ec93f1459360f59f0a64eb17f0,INC0010096,On Hold,On Hold,true,Cloud,Access,email,Kai Turner,Kai Turner,Taylor Morris,Application Support,Data Warehouse,web-data-war-14,Contoso Health,London - Regional Office,2 - Medium,3 - Low,4 - Low,low,Cloud role assignment review requested,Access governance workflow requires owner approval.,Service desk triage notes captured for web-data-war-14; owner group notified.,,,,,,,0,false,,,,,,,2026-05-20 09:43:01,2026-05-20 09:43:01,,,2026-05-24 06:05:01,ServiceNow,IT Service Management,ServiceNow IT Service Management,synthetic-servicenow,synthetic-demo,Change,All_Changes,change,updated,service_management,INC0010096,d41101ec93f1459360f59f0a64eb17f0,Cloud,incident,"business_service=Data Warehouse,priority=4 - Low,security_incident=false",On Hold,INC0010096,success,Kai Turner,Kai Turner,web-data-war-14,web-data-war-14,INC0010096,incident,On Hold
904dae90772959d5b32f89a753f2958b,INC0010097,Resolved,Resolved,false,Database,Performance,email,Riley Jensen,Riley Jensen,Jordan Lewis,Windows Server,Card Processing,web-card-pro-39,Contoso Health,Singapore - Regional Office,2 - Medium,3 - Low,4 - Low,low,High database latency on web-card-pro-39,Application owners report elevated query latency.,Service desk triage notes captured for web-card-pro-39; owner group notified.,Solved Remotely (Permanently),"Demo record resolved after triage, containment, and validation.",Parker Patel,,,,0,false,,,,,,,2026-07-04 11:29:48,2026-07-04 11:29:48,2026-07-08 10:30:48,,2026-07-08 10:30:48,ServiceNow,IT Service Management,ServiceNow IT Service Management,synthetic-servicenow,synthetic-demo,Change,All_Changes,change,updated,service_management,INC0010097,904dae90772959d5b32f89a753f2958b,Database,incident,"business_service=Card Processing,priority=4 - Low,security_incident=false",Resolved,INC0010097,success,Riley Jensen,Riley Jensen,web-card-pro-39,web-card-pro-39,INC0010097,incident,Resolved
03b918ef4f577617a8ac72af037d3f39,INC0010098,On Hold,On Hold,true,Security,Malware,monitoring,Avery Reed,Avery Reed,Jordan Ortiz,Threat Response,Card Processing,lt-card-pro-31,Apex Manufacturing,Dallas - SOC,3 - Low,3 - Low,5 - Planning,informational,EDR malware quarantine on lt-card-pro-31,Endpoint detection quarantined suspicious payload and submitted telemetry for triage.,SOC triage opened from Splunk ES correlation results for lt-card-pro-31. Splunk notable NE-2026-06-18-2320 linked.,,,,,,,0,true,NE-2026-06-18-2320,ESCU - Malware Outbreak Detected,Execution,T1204,lt-card-pro-31,90,2026-06-18 10:11:12,2026-06-18 10:11:12,,,2026-06-20 17:44:12,ServiceNow,IT Service Management,ServiceNow IT Service Management,synthetic-servicenow,synthetic-demo,Change,All_Changes,change,updated,service_management,INC0010098,03b918ef4f577617a8ac72af037d3f39,Security,incident,"business_service=Card Processing,priority=5 - Planning,security_incident=true",On Hold,INC0010098,success,Avery Reed,Avery Reed,lt-card-pro-31,lt-card-pro-31,INC0010098,incident,On Hold
4a9716de6b26c1081fce666de7353fc5,INC0010099,On Hold,On Hold,true,Cloud,Access,event,Kai Diaz,Kai Diaz,Casey Ibrahim,Database Services,Card Processing,prd-sql-pay-01,Contoso Health,Singapore - Regional Office,1 - High,2 - Medium,2 - High,high,Cloud role assignment review requested,Access governance workflow requires owner approval.,Service desk triage notes captured for prd-sql-pay-01; owner group notified.,,,,,,,0,false,,,,,,,2026-07-14 11:41:41,2026-07-14 11:41:41,,,2026-07-16 16:08:41,ServiceNow,IT Service Management,ServiceNow IT Service Management,synthetic-servicenow,synthetic-demo,Change,All_Changes,change,updated,service_management,INC0010099,4a9716de6b26c1081fce666de7353fc5,Cloud,incident,"business_service=Card Processing,priority=2 - High,security_incident=false",On Hold,INC0010099,success,Kai Diaz,Kai Diaz,prd-sql-pay-01,prd-sql-pay-01,INC0010099,incident,On Hold
3e3bc8affefd4ac9f6db2629e4a3b11c,INC0010100,Resolved,Resolved,false,Security,Data Loss,monitoring,Hayden Vasquez,Hayden Vasquez,Riley Jensen,Security Operations,Claims Portal,web-claims-p-37,Apex Manufacturing,Singapore - Regional Office,2 - Medium,3 - Low,4 - Low,low,Unusual outbound data transfer from web-claims-p-37,Splunk ES risk rules identified high-volume outbound transfer outside the normal peer group.,SOC triage opened from Splunk ES correlation results for web-claims-p-37.,Not Solved (Not Reproducible),"Demo record resolved after triage, containment, and validation.",Jordan Lewis,,,,0,true,,ESCU - High Volume Data Transfer to External Destination,Exfiltration,T1041,web-claims-p-37,89,2026-05-23 14:03:57,2026-05-23 14:03:57,2026-05-24 23:34:57,,2026-05-24 23:34:57,ServiceNow,IT Service Management,ServiceNow IT Service Management,synthetic-servicenow,synthetic-demo,Change,All_Changes,change,updated,service_management,INC0010100,3e3bc8affefd4ac9f6db2629e4a3b11c,Security,incident,"business_service=Claims Portal,priority=4 - Low,security_incident=true",Resolved,INC0010100,success,Hayden Vasquez,Hayden Vasquez,web-claims-p-37,web-claims-p-37,INC0010100,incident,Resolved
74dfc64ad09d30060d87f2d07cef35b6,INC0010101,Closed,Closed,false,Cloud,Access,self-service,Hayden Evans,Hayden Evans,Rowan Diaz,Endpoint Engineering,Customer Identity,app-customer-03,City Power Utility,Singapore - Regional Office,1 - High,2 - Medium,2 - High,high,Cloud role assignment review requested,Access governance workflow requires owner approval.,Service desk triage notes captured for app-customer-03; owner group notified.,Solved Work Around,"Demo record resolved after triage, containment, and validation.",Sydney Kim,,,,0,false,,,,,,,2026-05-14 00:34:56,2026-05-14 00:34:56,2026-05-16 22:26:56,2026-05-17 08:26:56,2026-05-17 08:26:56,ServiceNow,IT Service Management,ServiceNow IT Service Management,synthetic-servicenow,synthetic-demo,Change,All_Changes,change,updated,service_management,INC0010101,74dfc64ad09d30060d87f2d07cef35b6,Cloud,incident,"business_service=Customer Identity,priority=2 - High,security_incident=false",Closed,INC0010101,success,Hayden Evans,Hayden Evans,app-customer-03,app-customer-03,INC0010101,incident,Closed
7552901256e681b625bdefed29e3b845,INC0010102,Closed,Closed,false,Database,Performance,event,Parker Carter,Parker Carter,Cameron Foster,Endpoint Engineering,Manufacturing MES,web-manufact-35,Contoso Health,Singapore - Regional Office,2 - Medium,1 - High,2 - High,high,High database latency on web-manufact-35,Application owners report elevated query latency.,Service desk triage notes captured for web-manufact-35; owner group notified.,Not Solved (Not Reproducible),"Demo record resolved after triage, containment, and validation.",Kai Jensen,,,,0,false,,,,,,,2026-04-15 11:00:57,2026-04-15 11:00:57,2026-04-18 07:17:57,2026-04-19 07:17:57,2026-04-19 07:17:57,ServiceNow,IT Service Management,ServiceNow IT Service Management,synthetic-servicenow,synthetic-demo,Change,All_Changes,change,updated,service_management,INC0010102,7552901256e681b625bdefed29e3b845,Database,incident,"business_service=Manufacturing MES,priority=2 - High,security_incident=false",Closed,INC0010102,success,Parker Carter,Parker Carter,web-manufact-35,web-manufact-35,INC0010102,incident,Closed
0ec591366a7d156df10538bf97cd7b78,INC0010103,Resolved,Resolved,false,Security,Defense Evasion,monitoring,Jamie Hughes,Jamie Hughes,Casey Morris,Security Operations,Card Processing,web-card-pro-36,Apex Manufacturing,Chicago - Data Center,1 - High,3 - Low,3 - Moderate,medium,EDR sensor offline on critical asset web-card-pro-36,Critical asset stopped reporting EDR telemetry during active investigation window.,SOC triage opened from Splunk ES correlation results for web-card-pro-36.,Solved Remotely (Permanently),"Demo record resolved after triage, containment, and validation.",Jamie Walker,,,,0,true,,ESCU - Endpoint Security Agent Tampering,Defense Evasion,T1562,web-card-pro-36,77,2026-04-25 08:13:46,2026-04-25 08:13:46,2026-04-28 12:29:46,,2026-04-28 12:29:46,ServiceNow,IT Service Management,ServiceNow IT Service Management,synthetic-servicenow,synthetic-demo,Change,All_Changes,change,updated,service_management,INC0010103,0ec591366a7d156df10538bf97cd7b78,Security,incident,"business_service=Card Processing,priority=3 - Moderate,security_incident=true",Resolved,INC0010103,success,Jamie Hughes,Jamie Hughes,web-card-pro-36,web-card-pro-36,INC0010103,incident,Resolved
1f3c164a78951fc0db65de35ff367bfb,INC0010104,New,New,true,Application,Availability,self-service,Hayden Ortiz,Hayden Ortiz,Drew Walker,Application Support,ERP Finance,job-erp-fina-15,Northwind Financial,New York - HQ,3 - Low,3 - Low,5 - Planning,informational,ERP Finance transaction failures,Synthetic monitoring shows transaction failures above threshold.,Service desk triage notes captured for job-erp-fina-15; owner group notified.,,,,,,,0,false,,,,,,,2026-05-28 07:27:44,2026-05-28 07:27:44,,,2026-05-31 05:30:44,ServiceNow,IT Service Management,ServiceNow IT Service Management,synthetic-servicenow,synthetic-demo,Change,All_Changes,change,created,service_management,INC0010104,1f3c164a78951fc0db65de35ff367bfb,Application,incident,"business_service=ERP Finance,priority=5 - Planning,security_incident=false",New,INC0010104,success,Hayden Ortiz,Hayden Ortiz,job-erp-fina-15,job-erp-fina-15,INC0010104,incident,New
3f42b49d8f04b946b9b0b66d826d7cee,INC0010105,Resolved,Resolved,false,Email,Phishing,email,Riley Lewis,Riley Lewis,Kai Diaz,Application Support,Payments API,prd-pay-api-02,City Power Utility,Singapore - Regional Office,3 - Low,2 - Medium,4 - Low,low,User-reported suspicious email,Employee reported suspicious email through the phishing add-in.,Service desk triage notes captured for prd-pay-api-02; owner group notified.,Not Solved (Not Reproducible),"Demo record resolved after triage, containment, and validation.",Jordan Lewis,,,,0,false,,,,,,,2026-06-17 18:34:02,2026-06-17 18:34:02,2026-06-18 10:14:02,,2026-06-18 10:14:02,ServiceNow,IT Service Management,ServiceNow IT Service Management,synthetic-servicenow,synthetic-demo,Change,All_Changes,change,updated,service_management,INC0010105,3f42b49d8f04b946b9b0b66d826d7cee,Email,incident,"business_service=Payments API,priority=4 - Low,security_incident=false",Resolved,INC0010105,success,Riley Lewis,Riley Lewis,prd-pay-api-02,prd-pay-api-02,INC0010105,incident,Resolved
eef2b1ca9e1e706e220b09cf7dc89c01,INC0010106,On Hold,On Hold,true,Cloud,Access,event,Sydney Jensen,Sydney Jensen,Parker Morris,Identity and Access,Customer Identity,idp-prd-01,Contoso Health,London - Regional Office,2 - Medium,2 - Medium,3 - Moderate,medium,Cloud role assignment review requested,Access governance workflow requires owner approval.,Service desk triage notes captured for idp-prd-01; owner group notified.,,,,,,,0,false,,,,,,,2026-05-25 18:51:53,2026-05-25 18:51:53,,,2026-05-28 06:04:53,ServiceNow,IT Service Management,ServiceNow IT Service Management,synthetic-servicenow,synthetic-demo,Change,All_Changes,change,updated,service_management,INC0010106,eef2b1ca9e1e706e220b09cf7dc89c01,Cloud,incident,"business_service=Customer Identity,priority=3 - Moderate,security_incident=false",On Hold,INC0010106,success,Sydney Jensen,Sydney Jensen,idp-prd-01,idp-prd-01,INC0010106,incident,On Hold
96bc376d750f0250e17fd5868f22902b,INC0010107,Resolved,Resolved,false,Security,Data Loss,monitoring,Avery Reed,Avery Reed,Rowan Diaz,Identity and Access,Payments API,prd-pay-api-02,Apex Manufacturing,Dallas - SOC,3 - Low,3 - Low,5 - Planning,informational,Unusual outbound data transfer from prd-pay-api-02,Splunk ES risk rules identified high-volume outbound transfer outside the normal peer group.,SOC triage opened from Splunk ES correlation results for prd-pay-api-02.,Not Solved (Not Reproducible),"Demo record resolved after triage, containment, and validation.",Casey Lewis,,,,1,true,,ESCU - High Volume Data Transfer to External Destination,Exfiltration,T1041,prd-pay-api-02,40,2026-06-04 01:59:30,2026-06-04 01:59:30,2026-06-07 15:58:30,,2026-06-07 15:58:30,ServiceNow,IT Service Management,ServiceNow IT Service Management,synthetic-servicenow,synthetic-demo,Change,All_Changes,change,updated,service_management,INC0010107,96bc376d750f0250e17fd5868f22902b,Security,incident,"business_service=Payments API,priority=5 - Planning,security_incident=true",Resolved,INC0010107,success,Avery Reed,Avery Reed,prd-pay-api-02,prd-pay-api-02,INC0010107,incident,Resolved
cf8bc35bb59a955784fff347a92a9021,INC0010108,Closed,Closed,false,Email,Phishing,self-service,Kai Vasquez,Kai Vasquez,SOC Automation,Identity and Access,Customer Identity,job-customer-25,Contoso Health,Remote,2 - Medium,2 - Medium,3 - Moderate,medium,User-reported suspicious email,Employee reported suspicious email through the phishing add-in.,Service desk triage notes captured for job-customer-25; owner group notified.,Solved Remotely (Permanently),"Demo record resolved after triage, containment, and validation.",Parker Garcia,,,,1,false,,,,,,,2026-06-01 18:44:24,2026-06-01 18:44:24,2026-06-02 22:00:24,2026-06-03 00:00:24,2026-06-03 00:00:24,ServiceNow,IT Service Management,ServiceNow IT Service Management,synthetic-servicenow,synthetic-demo,Change,All_Changes,change,updated,service_management,INC0010108,cf8bc35bb59a955784fff347a92a9021,Email,incident,"business_service=Customer Identity,priority=3 - Moderate,security_incident=false",Closed,INC0010108,success,Kai Vasquez,Kai Vasquez,job-customer-25,job-customer-25,INC0010108,incident,Closed
781ebb1db35542bde6f5e53a699a005b,INC0010109,Closed,Closed,false,Database,Performance,email,Cameron Foster,Cameron Foster,Kai Lewis,Threat Response,Card Processing,web-card-pro-36,City Power Utility,Dallas - SOC,3 - Low,2 - Medium,4 - Low,low,High database latency on web-card-pro-36,Application owners report elevated query latency.,Service desk triage notes captured for web-card-pro-36; owner group notified.,Solved Remotely (Permanently),"Demo record resolved after triage, containment, and validation.",Alex Hughes,,,,0,false,,,,,,,2026-05-13 23:28:09,2026-05-13 23:28:09,2026-05-16 08:19:09,2026-05-17 05:19:09,2026-05-17 05:19:09,ServiceNow,IT Service Management,ServiceNow IT Service Management,synthetic-servicenow,synthetic-demo,Change,All_Changes,change,updated,service_management,INC0010109,781ebb1db35542bde6f5e53a699a005b,Database,incident,"business_service=Card Processing,priority=4 - Low,security_incident=false",Closed,INC0010109,success,Cameron Foster,Cameron Foster,web-card-pro-36,web-card-pro-36,INC0010109,incident,Closed
997e880fd69e3ebec00065f77a780f3f,INC0010110,New,New,true,Security,Data Loss,phone,Jamie Hughes,Jamie Hughes,Alex Vasquez,Identity and Access,Online Banking,web-online-b-24,Apex Manufacturing,Chicago - Data Center,2 - Medium,3 - Low,4 - Low,low,Unusual outbound data transfer from web-online-b-24,Splunk ES risk rules identified high-volume outbound transfer outside the normal peer group.,SOC triage opened from Splunk ES correlation results for web-online-b-24.,,,,,,,0,true,,ESCU - High Volume Data Transfer to External Destination,Exfiltration,T1041,web-online-b-24,86,2026-06-16 00:01:33,2026-06-16 00:01:33,,,2026-06-16 21:24:33,ServiceNow,IT Service Management,ServiceNow IT Service Management,synthetic-servicenow,synthetic-demo,Change,All_Changes,change,created,service_management,INC0010110,997e880fd69e3ebec00065f77a780f3f,Security,incident,"business_service=Online Banking,priority=4 - Low,security_incident=true",New,INC0010110,success,Jamie Hughes,Jamie Hughes,web-online-b-24,web-online-b-24,INC0010110,incident,New
d3fee44756c0d994c4ded02f7d7bf035,INC0010111,Closed,Closed,false,Cloud,Access,event,Reese Jensen,Reese Jensen,Jamie Morris,Linux Platform,ERP Finance,lt-erp-fina-06,City Power Utility,Singapore - Regional Office,3 - Low,3 - Low,5 - Planning,informational,Cloud role assignment review requested,Access governance workflow requires owner approval.,Service desk triage notes captured for lt-erp-fina-06; owner group notified.,Solved Work Around,"Demo record resolved after triage, containment, and validation.",Hayden Evans,,,,0,false,,,,,,,2026-06-15 21:54:25,2026-06-15 21:54:25,2026-06-17 01:22:25,2026-06-17 19:22:25,2026-06-17 19:22:25,ServiceNow,IT Service Management,ServiceNow IT Service Management,synthetic-servicenow,synthetic-demo,Change,All_Changes,change,updated,service_management,INC0010111,d3fee44756c0d994c4ded02f7d7bf035,Cloud,incident,"business_service=ERP Finance,priority=5 - Planning,security_incident=false",Closed,INC0010111,success,Reese Jensen,Reese Jensen,lt-erp-fina-06,lt-erp-fina-06,INC0010111,incident,Closed
3ba7788349f1af204ebafcf1b5c09583,INC0010112,On Hold,On Hold,true,Database,Performance,self-service,Harper Foster,Harper Foster,Jamie Hughes,Threat Response,Data Warehouse,app-data-war-22,Apex Manufacturing,Remote,3 - Low,1 - High,3 - Moderate,medium,High database latency on app-data-war-22,Application owners report elevated query latency.,Service desk triage notes captured for app-data-war-22; owner group notified.,,,,,,,0,false,,,,,,,2026-04-15 15:20:48,2026-04-15 15:20:48,,,2026-04-18 04:36:48,ServiceNow,IT Service Management,ServiceNow IT Service Management,synthetic-servicenow,synthetic-demo,Change,All_Changes,change,updated,service_management,INC0010112,3ba7788349f1af204ebafcf1b5c09583,Database,incident,"business_service=Data Warehouse,priority=3 - Moderate,security_incident=false",On Hold,INC0010112,success,Harper Foster,Harper Foster,app-data-war-22,app-data-war-22,INC0010112,incident,On Hold
2b6f0155c1410802a7cfbb0e2498d6cf,INC0010113,New,New,true,Application,Availability,self-service,Hayden Vasquez,Hayden Vasquez,Jamie Morris,Identity and Access,Security Monitoring,db-security-08,Apex Manufacturing,Singapore - Regional Office,2 - Medium,2 - Medium,3 - Moderate,medium,Security Monitoring transaction failures,Synthetic monitoring shows transaction failures above threshold.,Service desk triage notes captured for db-security-08; owner group notified.,,,,,,,0,false,,,,,,,2026-05-30 16:47:15,2026-05-30 16:47:15,,,2026-06-01 19:38:15,ServiceNow,IT Service Management,ServiceNow IT Service Management,synthetic-servicenow,synthetic-demo,Change,All_Changes,change,created,service_management,INC0010113,2b6f0155c1410802a7cfbb0e2498d6cf,Application,incident,"business_service=Security Monitoring,priority=3 - Moderate,security_incident=false",New,INC0010113,success,Hayden Vasquez,Hayden Vasquez,db-security-08,db-security-08,INC0010113,incident,New
657020bfefbfe5dfb266365e537e1c58,INC0010114,On Hold,On Hold,true,Security,Malware,self-service,Jamie Hughes,Jamie Hughes,Rowan Diaz,Security Operations,Manufacturing MES,mes-hmi-07,Apex Manufacturing,Chicago - Data Center,3 - Low,2 - Medium,4 - Low,low,EDR malware quarantine on mes-hmi-07,Endpoint detection quarantined suspicious payload and submitted telemetry for triage.,SOC triage opened from Splunk ES correlation results for mes-hmi-07. Splunk notable NE-2026-06-04-2499 linked.,,,,,,,0,true,NE-2026-06-04-2499,ESCU - Malware Outbreak Detected,Execution,T1204,mes-hmi-07,37,2026-06-04 09:06:04,2026-06-04 09:06:04,,,2026-06-07 23:52:04,ServiceNow,IT Service Management,ServiceNow IT Service Management,synthetic-servicenow,synthetic-demo,Change,All_Changes,change,updated,service_management,INC0010114,657020bfefbfe5dfb266365e537e1c58,Security,incident,"business_service=Manufacturing MES,priority=4 - Low,security_incident=true",On Hold,INC0010114,success,Jamie Hughes,Jamie Hughes,mes-hmi-07,mes-hmi-07,INC0010114,incident,On Hold
bc731b8a669441c35c61aa49d7bbab05,INC0010115,Closed,Closed,false,Software,Patch,monitoring,Emerson Kim,Emerson Kim,Sydney Kim,Network Operations,Corporate VPN,vpn-gw-01,Northwind Financial,London - Regional Office,3 - Low,2 - Medium,4 - Low,low,Patch validation failed on vpn-gw-01,Automated patch job reported failed post-install validation.,Service desk triage notes captured for vpn-gw-01; owner group notified.,Not Solved (Not Reproducible),"Demo record resolved after triage, containment, and validation.",Logan Foster,,,,0,false,,,,,,,2026-07-03 17:55:41,2026-07-03 17:55:41,2026-07-07 05:46:41,2026-07-07 11:46:41,2026-07-07 11:46:41,ServiceNow,IT Service Management,ServiceNow IT Service Management,synthetic-servicenow,synthetic-demo,Change,All_Changes,change,updated,service_management,INC0010115,bc731b8a669441c35c61aa49d7bbab05,Software,incident,"business_service=Corporate VPN,priority=4 - Low,security_incident=false",Closed,INC0010115,success,Emerson Kim,Emerson Kim,vpn-gw-01,vpn-gw-01,INC0010115,incident,Closed
072704310bfb595999391913e91aa227,INC0010116,In Progress,In Progress,true,Security,Defense Evasion,self-service,Kai Diaz,Kai Diaz,Cameron Foster,Identity and Access,Manufacturing MES,web-manufact-35,Contoso Health,Singapore - Regional Office,3 - Low,2 - Medium,4 - Low,low,EDR sensor offline on critical asset web-manufact-35,Critical asset stopped reporting EDR telemetry during active investigation window.,SOC triage opened from Splunk ES correlation results for web-manufact-35.,,,,,,,0,true,,ESCU - Endpoint Security Agent Tampering,Defense Evasion,T1562,web-manufact-35,36,2026-06-12 16:25:33,2026-06-12 16:25:33,,,2026-06-13 02:07:33,ServiceNow,IT Service Management,ServiceNow IT Service Management,synthetic-servicenow,synthetic-demo,Change,All_Changes,change,updated,service_management,INC0010116,072704310bfb595999391913e91aa227,Security,incident,"business_service=Manufacturing MES,priority=4 - Low,security_incident=true",In Progress,INC0010116,success,Kai Diaz,Kai Diaz,web-manufact-35,web-manufact-35,INC0010116,incident,In Progress
e320c4430d0ba050cfcc0bd0c34ae003,INC0010117,Closed,Closed,false,Database,Performance,self-service,Drew Walker,Drew Walker,Kai Turner,Endpoint Engineering,Manufacturing MES,web-manufact-01,Apex Manufacturing,New York - HQ,3 - Low,2 - Medium,4 - Low,low,High database latency on web-manufact-01,Application owners report elevated query latency.,Service desk triage notes captured for web-manufact-01; owner group notified.,Not Solved (Not Reproducible),"Demo record resolved after triage, containment, and validation.",Alex Patel,,,,0,false,,,,,,,2026-06-22 18:11:56,2026-06-22 18:11:56,2026-06-24 00:58:56,2026-06-24 08:58:56,2026-06-24 08:58:56,ServiceNow,IT Service Management,ServiceNow IT Service Management,synthetic-servicenow,synthetic-demo,Change,All_Changes,change,updated,service_management,INC0010117,e320c4430d0ba050cfcc0bd0c34ae003,Database,incident,"business_service=Manufacturing MES,priority=4 - Low,security_incident=false",Closed,INC0010117,success,Drew Walker,Drew Walker,web-manufact-01,web-manufact-01,INC0010117,incident,Closed
82fba1d4f06d46e8ab458a2adadd8819,INC0010118,Resolved,Resolved,false,Security,Malware,phone,Cameron Ibrahim,Cameron Ibrahim,Quinn Walker,Security Operations,Customer Identity,web-customer-23,City Power Utility,Singapore - Regional Office,2 - Medium,2 - Medium,3 - Moderate,medium,EDR malware quarantine on web-customer-23,Endpoint detection quarantined suspicious payload and submitted telemetry for triage.,SOC triage opened from Splunk ES correlation results for web-customer-23.,Solved Remotely (Permanently),"Demo record resolved after triage, containment, and validation.",Alex Hughes,,,,0,true,,ESCU - Malware Outbreak Detected,Execution,T1204,web-customer-23,87,2026-04-16 12:44:24,2026-04-16 12:44:24,2026-04-17 17:32:24,,2026-04-17 17:32:24,ServiceNow,IT Service Management,ServiceNow IT Service Management,synthetic-servicenow,synthetic-demo,Change,All_Changes,change,updated,service_management,INC0010118,82fba1d4f06d46e8ab458a2adadd8819,Security,incident,"business_service=Customer Identity,priority=3 - Moderate,security_incident=true",Resolved,INC0010118,success,Cameron Ibrahim,Cameron Ibrahim,web-customer-23,web-customer-23,INC0010118,incident,Resolved
0c17e61bb4db77f11ba2e487711f8d27,INC0010119,On Hold,On Hold,true,Security,Data Loss,self-service,Jordan Singh,Jordan Singh,Jamie Kim,Threat Response,Corporate VPN,app-corporat-07,City Power Utility,Chicago - Data Center,2 - Medium,2 - Medium,3 - Moderate,medium,Unusual outbound data transfer from app-corporat-07,Splunk ES risk rules identified high-volume outbound transfer outside the normal peer group.,SOC triage opened from Splunk ES correlation results for app-corporat-07.,,,,,,,0,true,,ESCU - High Volume Data Transfer to External Destination,Exfiltration,T1041,app-corporat-07,81,2026-04-19 03:20:51,2026-04-19 03:20:51,,,2026-04-21 09:52:51,ServiceNow,IT Service Management,ServiceNow IT Service Management,synthetic-servicenow,synthetic-demo,Change,All_Changes,change,updated,service_management,INC0010119,0c17e61bb4db77f11ba2e487711f8d27,Security,incident,"business_service=Corporate VPN,priority=3 - Moderate,security_incident=true",On Hold,INC0010119,success,Jordan Singh,Jordan Singh,app-corporat-07,app-corporat-07,INC0010119,incident,On Hold
541decdfc3ead2ad15c0325e9d085365,INC0010120,Closed,Closed,false,Security,Defense Evasion,phone,Alex Vasquez,Alex Vasquez,Kai Turner,Security Operations,Card Processing,web-card-pro-39,Northwind Financial,New York - HQ,3 - Low,3 - Low,5 - Planning,informational,EDR sensor offline on critical asset web-card-pro-39,Critical asset stopped reporting EDR telemetry during active investigation window.,SOC triage opened from Splunk ES correlation results for web-card-pro-39.,Solved Remotely (Permanently),"Demo record resolved after triage, containment, and validation.",Sydney Jensen,CHG0030013,,,0,true,,ESCU - Endpoint Security Agent Tampering,Defense Evasion,T1562,web-card-pro-39,86,2026-05-23 04:37:03,2026-05-23 04:37:03,2026-05-24 11:23:03,2026-05-25 09:23:03,2026-05-25 09:23:03,ServiceNow,IT Service Management,ServiceNow IT Service Management,synthetic-servicenow,synthetic-demo,Change,All_Changes,change,updated,service_management,INC0010120,541decdfc3ead2ad15c0325e9d085365,Security,incident,"business_service=Card Processing,priority=5 - Planning,security_incident=true",Closed,INC0010120,success,Alex Vasquez,Alex Vasquez,web-card-pro-39,web-card-pro-39,INC0010120,incident,Closed
80ebf94e9efe802a3ab0c28af967c2c3,INC0010121,Resolved,Resolved,false,Database,Performance,email,Parker Morris,Parker Morris,Cameron Foster,Network Operations,Email and Collaboration,job-email-an-27,Contoso Health,New York - HQ,1 - High,2 - Medium,2 - High,high,High database latency on job-email-an-27,Application owners report elevated query latency.,Service desk triage notes captured for job-email-an-27; owner group notified.,Solved Remotely (Permanently),"Demo record resolved after triage, containment, and validation.",Cameron Hughes,,,,0,false,,,,,,,2026-05-27 13:23:51,2026-05-27 13:23:51,2026-05-31 13:02:51,,2026-05-31 13:02:51,ServiceNow,IT Service Management,ServiceNow IT Service Management,synthetic-servicenow,synthetic-demo,Change,All_Changes,change,updated,service_management,INC0010121,80ebf94e9efe802a3ab0c28af967c2c3,Database,incident,"business_service=Email and Collaboration,priority=2 - High,security_incident=false",Resolved,INC0010121,success,Parker Morris,Parker Morris,job-email-an-27,job-email-an-27,INC0010121,incident,Resolved
14198080d2ee89777ae18241912037c8,INC0010122,On Hold,On Hold,true,Security,Credential Access,email,Hayden Vasquez,Hayden Vasquez,Drew Walker,Security Operations,Claims Portal,claims-web-03,Apex Manufacturing,Singapore - Regional Office,2 - Medium,1 - High,2 - High,high,Multiple failed VPN logins followed by success for eibrahim,Splunk ES detected repeated authentication failures followed by a successful VPN login for eibrahim.,SOC triage opened from Splunk ES correlation results for claims-web-03. Splunk notable NE-2026-05-06-9043 linked.,,,,,,,1,true,NE-2026-05-06-9043,ESCU - Excessive VPN Authentication Failures,Credential Access,T1110,claims-web-03,62,2026-05-06 15:34:56,2026-05-06 15:34:56,,,2026-05-10 08:33:56,ServiceNow,IT Service Management,ServiceNow IT Service Management,synthetic-servicenow,synthetic-demo,Change,All_Changes,change,updated,service_management,INC0010122,14198080d2ee89777ae18241912037c8,Security,incident,"business_service=Claims Portal,priority=2 - High,security_incident=true",On Hold,INC0010122,success,Hayden Vasquez,Hayden Vasquez,claims-web-03,claims-web-03,INC0010122,incident,On Hold
4acdafe251f25ae5106cecadcdd618bf,INC0010123,In Progress,In Progress,true,Security,Defense Evasion,event,Kai Ortiz,Kai Ortiz,Casey Ibrahim,Threat Response,Claims Portal,web-claims-p-37,Apex Manufacturing,New York - HQ,2 - Medium,2 - Medium,3 - Moderate,medium,EDR sensor offline on critical asset web-claims-p-37,Critical asset stopped reporting EDR telemetry during active investigation window.,SOC triage opened from Splunk ES correlation results for web-claims-p-37.,,,,,,,0,true,,ESCU - Endpoint Security Agent Tampering,Defense Evasion,T1562,web-claims-p-37,67,2026-05-17 09:37:58,2026-05-17 09:37:58,,,2026-05-19 05:04:58,ServiceNow,IT Service Management,ServiceNow IT Service Management,synthetic-servicenow,synthetic-demo,Change,All_Changes,change,updated,service_management,INC0010123,4acdafe251f25ae5106cecadcdd618bf,Security,incident,"business_service=Claims Portal,priority=3 - Moderate,security_incident=true",In Progress,INC0010123,success,Kai Ortiz,Kai Ortiz,web-claims-p-37,web-claims-p-37,INC0010123,incident,In Progress
b93fef5fa7e8ebe9fae8b4dd58fc5aa6,INC0010124,Resolved,Resolved,false,Security,Credential Access,email,Drew Foster,Drew Foster,Alex Hughes,Threat Response,Online Banking,waf-edge-02,Apex Manufacturing,Dallas - SOC,2 - Medium,3 - Low,4 - Low,low,Multiple failed VPN logins followed by success for rjensen2,Splunk ES detected repeated authentication failures followed by a successful VPN login for rjensen2.,SOC triage opened from Splunk ES correlation results for waf-edge-02. Splunk notable NE-2026-07-09-3023 linked.,Solved Remotely (Permanently),"Demo record resolved after triage, containment, and validation.",Harper Foster,,,,0,true,NE-2026-07-09-3023,ESCU - Excessive VPN Authentication Failures,Credential Access,T1110,waf-edge-02,61,2026-07-09 03:53:12,2026-07-09 03:53:12,2026-07-10 10:10:12,,2026-07-10 10:10:12,ServiceNow,IT Service Management,ServiceNow IT Service Management,synthetic-servicenow,synthetic-demo,Change,All_Changes,change,updated,service_management,INC0010124,b93fef5fa7e8ebe9fae8b4dd58fc5aa6,Security,incident,"business_service=Online Banking,priority=4 - Low,security_incident=true",Resolved,INC0010124,success,Drew Foster,Drew Foster,waf-edge-02,waf-edge-02,INC0010124,incident,Resolved
6b430234bbfaf95fa40997f0d737ed4d,INC0010125,Resolved,Resolved,false,Cloud,Access,email,Hayden Evans,Hayden Evans,Taylor Ibrahim,Security Operations,Card Processing,web-card-pro-21,City Power Utility,Singapore - Regional Office,3 - Low,3 - Low,5 - Planning,informational,Cloud role assignment review requested,Access governance workflow requires owner approval.,Service desk triage notes captured for web-card-pro-21; owner group notified.,Solved Work Around,"Demo record resolved after triage, containment, and validation.",Sydney Jensen,,,,0,false,,,,,,,2026-04-18 00:16:16,2026-04-18 00:16:16,2026-04-20 22:07:16,,2026-04-20 22:07:16,ServiceNow,IT Service Management,ServiceNow IT Service Management,synthetic-servicenow,synthetic-demo,Change,All_Changes,change,updated,service_management,INC0010125,6b430234bbfaf95fa40997f0d737ed4d,Cloud,incident,"business_service=Card Processing,priority=5 - Planning,security_incident=false",Resolved,INC0010125,success,Hayden Evans,Hayden Evans,web-card-pro-21,web-card-pro-21,INC0010125,incident,Resolved
60b7914058925f1e242b08f739b54ce5,INC0010126,In Progress,In Progress,true,Security,Defense Evasion,phone,Emerson Kim,Emerson Kim,Parker Patel,Security Operations,Manufacturing MES,mes-hmi-07,Northwind Financial,London - Regional Office,2 - Medium,2 - Medium,3 - Moderate,medium,EDR sensor offline on critical asset mes-hmi-07,Critical asset stopped reporting EDR telemetry during active investigation window.,SOC triage opened from Splunk ES correlation results for mes-hmi-07. Splunk notable NE-2026-05-22-2600 linked.,,,,,,,0,true,NE-2026-05-22-2600,ESCU - Endpoint Security Agent Tampering,Defense Evasion,T1562,mes-hmi-07,71,2026-05-22 16:28:20,2026-05-22 16:28:20,,,2026-05-25 04:40:20,ServiceNow,IT Service Management,ServiceNow IT Service Management,synthetic-servicenow,synthetic-demo,Change,All_Changes,change,updated,service_management,INC0010126,60b7914058925f1e242b08f739b54ce5,Security,incident,"business_service=Manufacturing MES,priority=3 - Moderate,security_incident=true",In Progress,INC0010126,success,Emerson Kim,Emerson Kim,mes-hmi-07,mes-hmi-07,INC0010126,incident,In Progress
be0c3eedcaf5c0fe9e4317b6b338145d,INC0010127,Resolved,Resolved,false,Database,Performance,monitoring,Sydney Walker,Sydney Walker,Casey Ibrahim,Service Desk,ERP Finance,node-erp-fina-02,City Power Utility,New York - HQ,3 - Low,3 - Low,5 - Planning,informational,High database latency on node-erp-fina-02,Application owners report elevated query latency.,Service desk triage notes captured for node-erp-fina-02; owner group notified.,Not Solved (Not Reproducible),"Demo record resolved after triage, containment, and validation.",Sydney Jensen,,,,0,false,,,,,,,2026-06-22 17:28:33,2026-06-22 17:28:33,2026-06-25 11:59:33,,2026-06-25 11:59:33,ServiceNow,IT Service Management,ServiceNow IT Service Management,synthetic-servicenow,synthetic-demo,Change,All_Changes,change,updated,service_management,INC0010127,be0c3eedcaf5c0fe9e4317b6b338145d,Database,incident,"business_service=ERP Finance,priority=5 - Planning,security_incident=false",Resolved,INC0010127,success,Sydney Walker,Sydney Walker,node-erp-fina-02,node-erp-fina-02,INC0010127,incident,Resolved
ce971ba34b221d4baea3e864a0c76b4f,INC0010128,Resolved,Resolved,false,Network,VPN,self-service,Harper Bennett,Harper Bennett,Parker Patel,Linux Platform,Claims Portal,app-claims-p-20,Apex Manufacturing,New York - HQ,2 - Medium,2 - Medium,3 - Moderate,medium,VPN users report intermittent disconnects,Users report VPN reconnects during peak business hours.,Service desk triage notes captured for app-claims-p-20; owner group notified.,Solved Work Around,"Demo record resolved after triage, containment, and validation.",Reese Hughes,,,,1,false,,,,,,,2026-06-25 23:42:59,2026-06-25 23:42:59,2026-06-27 00:25:59,,2026-06-27 00:25:59,ServiceNow,IT Service Management,ServiceNow IT Service Management,synthetic-servicenow,synthetic-demo,Change,All_Changes,change,updated,service_management,INC0010128,ce971ba34b221d4baea3e864a0c76b4f,Network,incident,"business_service=Claims Portal,priority=3 - Moderate,security_incident=false",Resolved,INC0010128,success,Harper Bennett,Harper Bennett,app-claims-p-20,app-claims-p-20,INC0010128,incident,Resolved
1fbfc8fbccbb8c490dc7c8175b7de3ee,INC0010129,Resolved,Resolved,false,Cloud,Access,monitoring,Hayden Ortiz,Hayden Ortiz,Jamie Ortiz,Security Operations,Security Monitoring,siem-hf-01,Northwind Financial,New York - HQ,1 - High,2 - Medium,2 - High,high,Cloud role assignment review requested,Access governance workflow requires owner approval.,Service desk triage notes captured for siem-hf-01; owner group notified.,Solved Work Around,"Demo record resolved after triage, containment, and validation.",Cameron Ibrahim,,,,0,false,,,,,,,2026-07-10 23:04:50,2026-07-10 23:04:50,2026-07-13 05:54:50,,2026-07-13 05:54:50,ServiceNow,IT Service Management,ServiceNow IT Service Management,synthetic-servicenow,synthetic-demo,Change,All_Changes,change,updated,service_management,INC0010129,1fbfc8fbccbb8c490dc7c8175b7de3ee,Cloud,incident,"business_service=Security Monitoring,priority=2 - High,security_incident=false",Resolved,INC0010129,success,Hayden Ortiz,Hayden Ortiz,siem-hf-01,siem-hf-01,INC0010129,incident,Resolved
1a9cbf4da105b58f8bf762bc8eeafbdb,INC0010130,On Hold,On Hold,true,Cloud,Access,event,Drew Foster,Drew Foster,Sydney Walker,Application Support,Data Warehouse,web-data-war-14,Apex Manufacturing,Dallas - SOC,1 - High,2 - Medium,2 - High,high,Cloud role assignment review requested,Access governance workflow requires owner approval.,Service desk triage notes captured for web-data-war-14; owner group notified.,,,,,,,0,false,,,,,,,2026-07-11 17:48:26,2026-07-11 17:48:26,,,2026-07-12 14:34:26,ServiceNow,IT Service Management,ServiceNow IT Service Management,synthetic-servicenow,synthetic-demo,Change,All_Changes,change,updated,service_management,INC0010130,1a9cbf4da105b58f8bf762bc8eeafbdb,Cloud,incident,"business_service=Data Warehouse,priority=2 - High,security_incident=false",On Hold,INC0010130,success,Drew Foster,Drew Foster,web-data-war-14,web-data-war-14,INC0010130,incident,On Hold
18dee929080cd8239371f9db02a2ee08,INC0010131,Resolved,Resolved,false,Cloud,Access,phone,Jordan Kim,Jordan Kim,Emerson Kim,Endpoint Engineering,Manufacturing MES,mes-hmi-07,Apex Manufacturing,Chicago - Data Center,2 - Medium,3 - Low,4 - Low,low,Cloud role assignment review requested,Access governance workflow requires owner approval.,Service desk triage notes captured for mes-hmi-07; owner group notified.,Solved Work Around,"Demo record resolved after triage, containment, and validation.",Jamie Ortiz,,,,0,false,,,,,,,2026-07-13 11:11:56,2026-07-13 11:11:56,2026-07-17 05:20:56,,2026-07-17 05:20:56,ServiceNow,IT Service Management,ServiceNow IT Service Management,synthetic-servicenow,synthetic-demo,Change,All_Changes,change,updated,service_management,INC0010131,18dee929080cd8239371f9db02a2ee08,Cloud,incident,"business_service=Manufacturing MES,priority=4 - Low,security_incident=false",Resolved,INC0010131,success,Jordan Kim,Jordan Kim,mes-hmi-07,mes-hmi-07,INC0010131,incident,Resolved
d2cf7753266f20b3bfb2a5d3079a1c94,INC0010132,On Hold,On Hold,true,Security,Defense Evasion,phone,Parker Evans,Parker Evans,Hayden Ortiz,Security Operations,Online Banking,waf-edge-02,City Power Utility,Singapore - Regional Office,3 - Low,3 - Low,5 - Planning,informational,EDR sensor offline on critical asset waf-edge-02,Critical asset stopped reporting EDR telemetry during active investigation window.,SOC triage opened from Splunk ES correlation results for waf-edge-02.,,,,,,,0,true,,ESCU - Endpoint Security Agent Tampering,Defense Evasion,T1562,waf-edge-02,80,2026-06-14 02:29:53,2026-06-14 02:29:53,,,2026-06-17 15:10:53,ServiceNow,IT Service Management,ServiceNow IT Service Management,synthetic-servicenow,synthetic-demo,Change,All_Changes,change,updated,service_management,INC0010132,d2cf7753266f20b3bfb2a5d3079a1c94,Security,incident,"business_service=Online Banking,priority=5 - Planning,security_incident=true",On Hold,INC0010132,success,Parker Evans,Parker Evans,waf-edge-02,waf-edge-02,INC0010132,incident,On Hold
7d93aac0e2ebd8adb73f30cdffa8b56a,INC0010133,In Progress,In Progress,true,Database,Performance,monitoring,Sydney Jensen,Sydney Jensen,Parker Evans,Cloud Platform,Corporate VPN,app-corporat-07,Contoso Health,London - Regional Office,3 - Low,3 - Low,5 - Planning,informational,High database latency on app-corporat-07,Application owners report elevated query latency.,Service desk triage notes captured for app-corporat-07; owner group notified.,,,,,,,0,false,,,,,,,2026-04-24 12:10:48,2026-04-24 12:10:48,,,2026-04-24 17:19:48,ServiceNow,IT Service Management,ServiceNow IT Service Management,synthetic-servicenow,synthetic-demo,Change,All_Changes,change,updated,service_management,INC0010133,7d93aac0e2ebd8adb73f30cdffa8b56a,Database,incident,"business_service=Corporate VPN,priority=5 - Planning,security_incident=false",In Progress,INC0010133,success,Sydney Jensen,Sydney Jensen,app-corporat-07,app-corporat-07,INC0010133,incident,In Progress
2b071277aff70fe3d76a11eecb5a929d,INC0010134,Resolved,Resolved,false,Cloud,Access,event,Kai Diaz,Kai Diaz,Alex Patel,Security Operations,Card Processing,web-card-pro-21,Contoso Health,Singapore - Regional Office,3 - Low,1 - High,3 - Moderate,medium,Cloud role assignment review requested,Access governance workflow requires owner approval.,Service desk triage notes captured for web-card-pro-21; owner group notified.,Not Solved (Not Reproducible),"Demo record resolved after triage, containment, and validation.",Morgan Singh,,,,1,false,,,,,,,2026-05-04 21:46:12,2026-05-04 21:46:12,2026-05-07 10:56:12,,2026-05-07 10:56:12,ServiceNow,IT Service Management,ServiceNow IT Service Management,synthetic-servicenow,synthetic-demo,Change,All_Changes,change,updated,service_management,INC0010134,2b071277aff70fe3d76a11eecb5a929d,Cloud,incident,"business_service=Card Processing,priority=3 - Moderate,security_incident=false",Resolved,INC0010134,success,Kai Diaz,Kai Diaz,web-card-pro-21,web-card-pro-21,INC0010134,incident,Resolved
0fc17450181a123987921a85e045196d,INC0010135,Resolved,Resolved,false,Security,Defense Evasion,monitoring,Emerson Kim,Emerson Kim,Cameron Foster,Identity and Access,Data Warehouse,lt-data-war-34,Northwind Financial,London - Regional Office,2 - Medium,2 - Medium,3 - Moderate,medium,EDR sensor offline on critical asset lt-data-war-34,Critical asset stopped reporting EDR telemetry during active investigation window.,SOC triage opened from Splunk ES correlation results for lt-data-war-34. Splunk notable NE-2026-05-20-0001 linked.,Solved Work Around,"Demo record resolved after triage, containment, and validation.",Hayden Evans,,,,0,true,NE-2026-05-20-0001,ESCU - Endpoint Security Agent Tampering,Defense Evasion,T1562,lt-data-war-34,38,2026-05-20 16:58:31,2026-05-20 16:58:31,2026-05-24 13:04:31,,2026-05-24 13:04:31,ServiceNow,IT Service Management,ServiceNow IT Service Management,synthetic-servicenow,synthetic-demo,Change,All_Changes,change,updated,service_management,INC0010135,0fc17450181a123987921a85e045196d,Security,incident,"business_service=Data Warehouse,priority=3 - Moderate,security_incident=true",Resolved,INC0010135,success,Emerson Kim,Emerson Kim,lt-data-war-34,lt-data-war-34,INC0010135,incident,Resolved
1d5dbb3aa6484b3f99988be0b3b23637,INC0010136,Resolved,Resolved,false,Hardware,Disk,self-service,Riley Jensen,Riley Jensen,Cameron Ibrahim,Threat Response,Data Warehouse,app-data-war-22,Contoso Health,Singapore - Regional Office,1 - High,3 - Low,3 - Moderate,medium,Disk capacity warning on app-data-war-22,Filesystem utilization crossed operational threshold.,Service desk triage notes captured for app-data-war-22; owner group notified.,Not Solved (Not Reproducible),"Demo record resolved after triage, containment, and validation.",Parker Carter,,,,0,false,,,,,,,2026-06-07 10:39:02,2026-06-07 10:39:02,2026-06-10 02:20:02,,2026-06-10 02:20:02,ServiceNow,IT Service Management,ServiceNow IT Service Management,synthetic-servicenow,synthetic-demo,Change,All_Changes,change,updated,service_management,INC0010136,1d5dbb3aa6484b3f99988be0b3b23637,Hardware,incident,"business_service=Data Warehouse,priority=3 - Moderate,security_incident=false",Resolved,INC0010136,success,Riley Jensen,Riley Jensen,app-data-war-22,app-data-war-22,INC0010136,incident,Resolved
7d5fd12658b2d3780d1e382cdda6877c,INC0010137,Closed,Closed,false,Network,VPN,phone,Emerson Ibrahim,Emerson Ibrahim,Sydney Walker,Linux Platform,Claims Portal,app-claims-p-20,City Power Utility,Singapore - Regional Office,2 - Medium,3 - Low,4 - Low,low,VPN users report intermittent disconnects,Users report VPN reconnects during peak business hours.,Service desk triage notes captured for app-claims-p-20; owner group notified.,Solved Remotely (Permanently),"Demo record resolved after triage, containment, and validation.",Jamie Walker,,,,0,false,,,,,,,2026-06-17 05:40:03,2026-06-17 05:40:03,2026-06-20 20:16:03,2026-06-21 13:16:03,2026-06-21 13:16:03,ServiceNow,IT Service Management,ServiceNow IT Service Management,synthetic-servicenow,synthetic-demo,Change,All_Changes,change,updated,service_management,INC0010137,7d5fd12658b2d3780d1e382cdda6877c,Network,incident,"business_service=Claims Portal,priority=4 - Low,security_incident=false",Closed,INC0010137,success,Emerson Ibrahim,Emerson Ibrahim,app-claims-p-20,app-claims-p-20,INC0010137,incident,Closed
9d9cde899a25d32852a4840d1d04c3bd,INC0010138,Closed,Closed,false,Hardware,Disk,monitoring,Cameron Ibrahim,Cameron Ibrahim,Cameron Hughes,Network Operations,Online Banking,waf-edge-02,City Power Utility,Singapore - Regional Office,3 - Low,3 - Low,5 - Planning,informational,Disk capacity warning on waf-edge-02,Filesystem utilization crossed operational threshold.,Service desk triage notes captured for waf-edge-02; owner group notified.,Not Solved (Not Reproducible),"Demo record resolved after triage, containment, and validation.",Kai Diaz,,,,0,false,,,,,,,2026-05-23 09:28:55,2026-05-23 09:28:55,2026-05-26 20:36:55,2026-05-27 18:36:55,2026-05-27 18:36:55,ServiceNow,IT Service Management,ServiceNow IT Service Management,synthetic-servicenow,synthetic-demo,Change,All_Changes,change,updated,service_management,INC0010138,9d9cde899a25d32852a4840d1d04c3bd,Hardware,incident,"business_service=Online Banking,priority=5 - Planning,security_incident=false",Closed,INC0010138,success,Cameron Ibrahim,Cameron Ibrahim,waf-edge-02,waf-edge-02,INC0010138,incident,Closed
e904dd16a8e6f78c14e462c962ae2af5,INC0010139,In Progress,In Progress,true,Security,Defense Evasion,event,Jamie Walker,Jamie Walker,Parker Morris,Identity and Access,Claims Portal,claims-web-03,Apex Manufacturing,Chicago - Data Center,2 - Medium,1 - High,2 - High,high,EDR sensor offline on critical asset claims-web-03,Critical asset stopped reporting EDR telemetry during active investigation window.,SOC triage opened from Splunk ES correlation results for claims-web-03. Splunk notable NE-2026-06-01-7635 linked.,,,,,,,1,true,NE-2026-06-01-7635,ESCU - Endpoint Security Agent Tampering,Defense Evasion,T1562,claims-web-03,86,2026-06-01 03:44:29,2026-06-01 03:44:29,,,2026-06-03 16:51:29,ServiceNow,IT Service Management,ServiceNow IT Service Management,synthetic-servicenow,synthetic-demo,Change,All_Changes,change,updated,service_management,INC0010139,e904dd16a8e6f78c14e462c962ae2af5,Security,incident,"business_service=Claims Portal,priority=2 - High,security_incident=true",In Progress,INC0010139,success,Jamie Walker,Jamie Walker,claims-web-03,claims-web-03,INC0010139,incident,In Progress
243e1593249d5cd87120847c865addab,INC0010140,Resolved,Resolved,false,Network,VPN,email,Jordan Ortiz,Jordan Ortiz,Sydney Kim,Security Operations,Card Processing,web-card-pro-21,Northwind Financial,Remote,2 - Medium,2 - Medium,3 - Moderate,medium,VPN users report intermittent disconnects,Users report VPN reconnects during peak business hours.,Service desk triage notes captured for web-card-pro-21; owner group notified.,Solved Work Around,"Demo record resolved after triage, containment, and validation.",Alex Patel,,,,0,false,,,,,,,2026-06-19 04:46:53,2026-06-19 04:46:53,2026-06-22 22:47:53,,2026-06-22 22:47:53,ServiceNow,IT Service Management,ServiceNow IT Service Management,synthetic-servicenow,synthetic-demo,Change,All_Changes,change,updated,service_management,INC0010140,243e1593249d5cd87120847c865addab,Network,incident,"business_service=Card Processing,priority=3 - Moderate,security_incident=false",Resolved,INC0010140,success,Jordan Ortiz,Jordan Ortiz,web-card-pro-21,web-card-pro-21,INC0010140,incident,Resolved
801bfaa51ac61a5bcff040c897036787,INC0010141,Resolved,Resolved,false,Hardware,Disk,monitoring,Jordan Kim,Jordan Kim,Riley Jensen,Application Support,Payments API,prd-pay-api-01,Apex Manufacturing,Chicago - Data Center,2 - Medium,2 - Medium,3 - Moderate,medium,Disk capacity warning on prd-pay-api-01,Filesystem utilization crossed operational threshold.,Service desk triage notes captured for prd-pay-api-01; owner group notified.,Solved Remotely (Permanently),"Demo record resolved after triage, containment, and validation.",Drew Foster,,,,0,false,,,,,,,2026-05-10 13:51:00,2026-05-10 13:51:00,2026-05-14 07:02:00,,2026-05-14 07:02:00,ServiceNow,IT Service Management,ServiceNow IT Service Management,synthetic-servicenow,synthetic-demo,Change,All_Changes,change,updated,service_management,INC0010141,801bfaa51ac61a5bcff040c897036787,Hardware,incident,"business_service=Payments API,priority=3 - Moderate,security_incident=false",Resolved,INC0010141,success,Jordan Kim,Jordan Kim,prd-pay-api-01,prd-pay-api-01,INC0010141,incident,Resolved
7fdfdd79c5b590d85feb67214fce6c62,INC0010142,On Hold,On Hold,true,Security,Privilege Escalation,event,Harper Bennett,Harper Bennett,Sydney Kim,Security Operations,Data Warehouse,node-data-war-30,Apex Manufacturing,New York - HQ,3 - Low,2 - Medium,4 - Low,low,Privileged group membership change for ahughes,Identity audit logs showed a privileged group membership change requiring validation.,SOC triage opened from Splunk ES correlation results for node-data-war-30.,,,,,,,1,true,,ESCU - Windows AD Privileged Group Modification,Privilege Escalation,T1098,node-data-war-30,49,2026-05-02 18:57:01,2026-05-02 18:57:01,,,2026-05-05 17:23:01,ServiceNow,IT Service Management,ServiceNow IT Service Management,synthetic-servicenow,synthetic-demo,Change,All_Changes,change,updated,service_management,INC0010142,7fdfdd79c5b590d85feb67214fce6c62,Security,incident,"business_service=Data Warehouse,priority=4 - Low,security_incident=true",On Hold,INC0010142,success,Harper Bennett,Harper Bennett,node-data-war-30,node-data-war-30,INC0010142,incident,On Hold
ab906a1a15ccb13794f89ce1d92c421f,INC0010143,Resolved,Resolved,false,Security,Data Loss,self-service,Sydney Kim,Sydney Kim,Parker Patel,Security Operations,Email and Collaboration,node-email-an-04,Contoso Health,Chicago - Data Center,1 - High,2 - Medium,2 - High,high,Unusual outbound data transfer from node-email-an-04,Splunk ES risk rules identified high-volume outbound transfer outside the normal peer group.,SOC triage opened from Splunk ES correlation results for node-email-an-04.,Not Solved (Not Reproducible),"Demo record resolved after triage, containment, and validation.",Alex Hughes,,,,0,true,,ESCU - High Volume Data Transfer to External Destination,Exfiltration,T1041,node-email-an-04,57,2026-06-05 13:06:20,2026-06-05 13:06:20,2026-06-05 18:11:20,,2026-06-05 18:11:20,ServiceNow,IT Service Management,ServiceNow IT Service Management,synthetic-servicenow,synthetic-demo,Change,All_Changes,change,updated,service_management,INC0010143,ab906a1a15ccb13794f89ce1d92c421f,Security,incident,"business_service=Email and Collaboration,priority=2 - High,security_incident=true",Resolved,INC0010143,success,Sydney Kim,Sydney Kim,node-email-an-04,node-email-an-04,INC0010143,incident,Resolved
b85fb0bc73bdb9e56574dd113b94fe68,INC0010144,New,New,true,Database,Performance,self-service,Casey Ortiz,Casey Ortiz,Kai Ortiz,Linux Platform,Corporate VPN,app-corporat-10,Northwind Financial,Dallas - SOC,3 - Low,1 - High,3 - Moderate,medium,High database latency on app-corporat-10,Application owners report elevated query latency.,Service desk triage notes captured for app-corporat-10; owner group notified.,,,,,,,0,false,,,,,,,2026-06-21 06:21:10,2026-06-21 06:21:10,,,2026-06-25 01:55:10,ServiceNow,IT Service Management,ServiceNow IT Service Management,synthetic-servicenow,synthetic-demo,Change,All_Changes,change,created,service_management,INC0010144,b85fb0bc73bdb9e56574dd113b94fe68,Database,incident,"business_service=Corporate VPN,priority=3 - Moderate,security_incident=false",New,INC0010144,success,Casey Ortiz,Casey Ortiz,app-corporat-10,app-corporat-10,INC0010144,incident,New
5129ccb4efa9b83fcf746924371428ec,INC0010145,Closed,Closed,false,Hardware,Disk,event,Jordan Ortiz,Jordan Ortiz,Sydney Walker,Endpoint Engineering,Security Monitoring,edr-mgmt-01,Northwind Financial,Remote,2 - Medium,3 - Low,4 - Low,low,Disk capacity warning on edr-mgmt-01,Filesystem utilization crossed operational threshold.,Service desk triage notes captured for edr-mgmt-01; owner group notified.,Solved Work Around,"Demo record resolved after triage, containment, and validation.",Alex Vasquez,,,,0,false,,,,,,,2026-07-03 10:57:02,2026-07-03 10:57:02,2026-07-04 03:39:02,2026-07-04 23:39:02,2026-07-04 23:39:02,ServiceNow,IT Service Management,ServiceNow IT Service Management,synthetic-servicenow,synthetic-demo,Change,All_Changes,change,updated,service_management,INC0010145,5129ccb4efa9b83fcf746924371428ec,Hardware,incident,"business_service=Security Monitoring,priority=4 - Low,security_incident=false",Closed,INC0010145,success,Jordan Ortiz,Jordan Ortiz,edr-mgmt-01,edr-mgmt-01,INC0010145,incident,Closed
87b87126f20faf8fc22b29d13e7606c1,INC0010146,In Progress,In Progress,true,Application,Availability,event,Riley Jensen,Riley Jensen,Reese Hughes,Endpoint Engineering,Security Monitoring,edr-mgmt-01,Contoso Health,Singapore - Regional Office,1 - High,2 - Medium,2 - High,high,Security Monitoring transaction failures,Synthetic monitoring shows transaction failures above threshold.,Service desk triage notes captured for edr-mgmt-01; owner group notified.,,,,,,,0,false,,,,,,,2026-07-09 18:51:21,2026-07-09 18:51:21,,,2026-07-11 12:32:21,ServiceNow,IT Service Management,ServiceNow IT Service Management,synthetic-servicenow,synthetic-demo,Change,All_Changes,change,updated,service_management,INC0010146,87b87126f20faf8fc22b29d13e7606c1,Application,incident,"business_service=Security Monitoring,priority=2 - High,security_incident=false",In Progress,INC0010146,success,Riley Jensen,Riley Jensen,edr-mgmt-01,edr-mgmt-01,INC0010146,incident,In Progress
5e802a926ab80ae6d6a68dcec955f3f7,INC0010147,Closed,Closed,false,Software,Patch,self-service,Parker Evans,Parker Evans,Alex Patel,Endpoint Engineering,Manufacturing MES,web-manufact-01,City Power Utility,Singapore - Regional Office,2 - Medium,2 - Medium,3 - Moderate,medium,Patch validation failed on web-manufact-01,Automated patch job reported failed post-install validation.,Service desk triage notes captured for web-manufact-01; owner group notified.,Solved Remotely (Permanently),"Demo record resolved after triage, containment, and validation.",Hayden Reed,,,,0,false,,,,,,,2026-07-02 13:52:31,2026-07-02 13:52:31,2026-07-05 09:42:31,2026-07-06 09:42:31,2026-07-06 09:42:31,ServiceNow,IT Service Management,ServiceNow IT Service Management,synthetic-servicenow,synthetic-demo,Change,All_Changes,change,updated,service_management,INC0010147,5e802a926ab80ae6d6a68dcec955f3f7,Software,incident,"business_service=Manufacturing MES,priority=3 - Moderate,security_incident=false",Closed,INC0010147,success,Parker Evans,Parker Evans,web-manufact-01,web-manufact-01,INC0010147,incident,Closed
94110d0c40812ea53407f8e19d299f94,INC0010148,New,New,true,Hardware,Disk,monitoring,Jordan Singh,Jordan Singh,Jordan Singh,Network Operations,Card Processing,job-card-pro-17,City Power Utility,Chicago - Data Center,3 - Low,2 - Medium,4 - Low,low,Disk capacity warning on job-card-pro-17,Filesystem utilization crossed operational threshold.,Service desk triage notes captured for job-card-pro-17; owner group notified.,,,,,,,0,false,,,,,,,2026-05-25 16:12:43,2026-05-25 16:12:43,,,2026-05-27 20:54:43,ServiceNow,IT Service Management,ServiceNow IT Service Management,synthetic-servicenow,synthetic-demo,Change,All_Changes,change,created,service_management,INC0010148,94110d0c40812ea53407f8e19d299f94,Hardware,incident,"business_service=Card Processing,priority=4 - Low,security_incident=false",New,INC0010148,success,Jordan Singh,Jordan Singh,job-card-pro-17,job-card-pro-17,INC0010148,incident,New
f720db25cda9eab3be061103bade2c8b,INC0010149,In Progress,In Progress,true,Application,Availability,monitoring,Quinn Lewis,Quinn Lewis,Cameron Foster,Application Support,ERP Finance,fin-erp-01,Contoso Health,Singapore - Regional Office,2 - Medium,3 - Low,4 - Low,low,ERP Finance transaction failures,Synthetic monitoring shows transaction failures above threshold.,Service desk triage notes captured for fin-erp-01; owner group notified.,,,,,,,0,false,,,,,,,2026-06-19 05:18:23,2026-06-19 05:18:23,,,2026-06-21 04:11:23,ServiceNow,IT Service Management,ServiceNow IT Service Management,synthetic-servicenow,synthetic-demo,Change,All_Changes,change,updated,service_management,INC0010149,f720db25cda9eab3be061103bade2c8b,Application,incident,"business_service=ERP Finance,priority=4 - Low,security_incident=false",In Progress,INC0010149,success,Quinn Lewis,Quinn Lewis,fin-erp-01,fin-erp-01,INC0010149,incident,In Progress
a9b438215173fc996348f20147fba182,INC0010150,On Hold,On Hold,true,Hardware,Disk,monitoring,SOC Automation,SOC Automation,Emerson Kim,Linux Platform,Data Warehouse,dw-etl-01,Northwind Financial,Dallas - SOC,2 - Medium,3 - Low,4 - Low,low,Disk capacity warning on dw-etl-01,Filesystem utilization crossed operational threshold.,Service desk triage notes captured for dw-etl-01; owner group notified.,,,,,,,0,false,,,,,,,2026-06-11 04:59:46,2026-06-11 04:59:46,,,2026-06-14 14:11:46,ServiceNow,IT Service Management,ServiceNow IT Service Management,synthetic-servicenow,synthetic-demo,Change,All_Changes,change,updated,service_management,INC0010150,a9b438215173fc996348f20147fba182,Hardware,incident,"business_service=Data Warehouse,priority=4 - Low,security_incident=false",On Hold,INC0010150,success,SOC Automation,SOC Automation,dw-etl-01,dw-etl-01,INC0010150,incident,On Hold
