sys_id,task,task_sys_id,table,ci_item,ci_sys_id,relationship_type,sys_created_on,sys_updated_on,vendor,product,vendor_product,dvc,instance,cim_data_model,cim_dataset,tag,action,change_type,object,object_id,object_category,object_type,result,result_id,status,user,src_user,dest,dest_name,ticket_id,ticket_type,task_table
be4b95fbacfbccf0b011aaaccc791d1b,INC0010001,e422f751d7be2274fda15b362d9e7df2,incident,vpn-gw-01,edb61dbbc54f635f96974ee013a83cfd,Affected CI,2026-05-23 12:29:57,2026-07-10 00:05:15,ServiceNow,IT Service Management,ServiceNow IT Service Management,synthetic-servicenow,synthetic-demo,Change,All_Changes,change,updated,relationship,vpn-gw-01,edb61dbbc54f635f96974ee013a83cfd,Affected CI,incident,Affected CI,INC0010001,success,servicenow,servicenow,vpn-gw-01,vpn-gw-01,INC0010001,incident,incident
2749b6eb13303b19daf65b1eb810df5e,INC0010002,e578e071f54927640b31224fa7cf0660,incident,edr-mgmt-01,42f24baa0bd2fa27132af710260f93dc,Affected CI,2026-05-14 04:06:05,2026-06-30 07:49:04,ServiceNow,IT Service Management,ServiceNow IT Service Management,synthetic-servicenow,synthetic-demo,Change,All_Changes,change,updated,relationship,edr-mgmt-01,42f24baa0bd2fa27132af710260f93dc,Affected CI,incident,Affected CI,INC0010002,success,servicenow,servicenow,edr-mgmt-01,edr-mgmt-01,INC0010002,incident,incident
c8859f6d5ce4ebc6313625d489964595,INC0010002,e578e071f54927640b31224fa7cf0660,incident,dw-etl-01,63917d58f9aa5a1ed5a9470f082986c6,Related CI,2026-06-07 10:33:04,2026-07-05 05:16:34,ServiceNow,IT Service Management,ServiceNow IT Service Management,synthetic-servicenow,synthetic-demo,Change,All_Changes,change,updated,relationship,dw-etl-01,63917d58f9aa5a1ed5a9470f082986c6,Related CI,incident,Related CI,INC0010002,success,servicenow,servicenow,dw-etl-01,dw-etl-01,INC0010002,incident,incident
0e9e1c7679076b0089610c4880630f2c,INC0010003,00d3e9528c5ac196c7df0736f4cd6506,incident,prd-sql-pay-01,b46f6537e400dc13f571a44c9b215ef0,Affected CI,2026-07-01 18:12:35,2026-07-07 18:32:02,ServiceNow,IT Service Management,ServiceNow IT Service Management,synthetic-servicenow,synthetic-demo,Change,All_Changes,change,updated,relationship,prd-sql-pay-01,b46f6537e400dc13f571a44c9b215ef0,Affected CI,incident,Affected CI,INC0010003,success,servicenow,servicenow,prd-sql-pay-01,prd-sql-pay-01,INC0010003,incident,incident
7d1ae3d61aa180c37dbb4ab622688d28,INC0010004,20ba109edd57c908925c93d2f8eef5eb,incident,waf-edge-02,845afaca9bb03648b7986a5f0c89b163,Affected CI,2026-06-11 16:44:18,2026-06-15 16:47:22,ServiceNow,IT Service Management,ServiceNow IT Service Management,synthetic-servicenow,synthetic-demo,Change,All_Changes,change,updated,relationship,waf-edge-02,845afaca9bb03648b7986a5f0c89b163,Affected CI,incident,Affected CI,INC0010004,success,servicenow,servicenow,waf-edge-02,waf-edge-02,INC0010004,incident,incident
0c96d69624e44659c9ea1d873b67f091,INC0010005,64a07482594016a22976b739bbc5945d,incident,dw-etl-01,63917d58f9aa5a1ed5a9470f082986c6,Affected CI,2026-07-06 15:07:36,2026-06-28 03:22:34,ServiceNow,IT Service Management,ServiceNow IT Service Management,synthetic-servicenow,synthetic-demo,Change,All_Changes,change,updated,relationship,dw-etl-01,63917d58f9aa5a1ed5a9470f082986c6,Affected CI,incident,Affected CI,INC0010005,success,servicenow,servicenow,dw-etl-01,dw-etl-01,INC0010005,incident,incident
6c517303905d56def34118920fa6c38c,INC0010005,64a07482594016a22976b739bbc5945d,incident,node-claims-p-18,1fa62e7b602dfae96943c96a0d57e23e,Related CI,2026-06-12 01:34:22,2026-07-04 07:40:26,ServiceNow,IT Service Management,ServiceNow IT Service Management,synthetic-servicenow,synthetic-demo,Change,All_Changes,change,updated,relationship,node-claims-p-18,1fa62e7b602dfae96943c96a0d57e23e,Related CI,incident,Related CI,INC0010005,success,servicenow,servicenow,node-claims-p-18,node-claims-p-18,INC0010005,incident,incident
385f1702ed89d328b74cf05619081cc3,INC0010006,7992d9cb530ecca24110ab153f7592e0,incident,idp-prd-01,46c3c0bb7f6c8c28c4507ffb8fd5c53b,Affected CI,2026-04-15 18:42:45,2026-07-01 22:47:01,ServiceNow,IT Service Management,ServiceNow IT Service Management,synthetic-servicenow,synthetic-demo,Change,All_Changes,change,updated,relationship,idp-prd-01,46c3c0bb7f6c8c28c4507ffb8fd5c53b,Affected CI,incident,Affected CI,INC0010006,success,servicenow,servicenow,idp-prd-01,idp-prd-01,INC0010006,incident,incident
a85e3b59bbb82d4054379b74ebb353af,INC0010006,7992d9cb530ecca24110ab153f7592e0,incident,app-data-war-22,8063ba03b3abb3947ffd7697f2f18f65,Related CI,2026-05-25 14:32:26,2026-07-05 22:54:35,ServiceNow,IT Service Management,ServiceNow IT Service Management,synthetic-servicenow,synthetic-demo,Change,All_Changes,change,updated,relationship,app-data-war-22,8063ba03b3abb3947ffd7697f2f18f65,Related CI,incident,Related CI,INC0010006,success,servicenow,servicenow,app-data-war-22,app-data-war-22,INC0010006,incident,incident
0b8ba3940f2ef3420dde836ed20d303a,INC0010007,0d1e4e8e6821b8bc1996516dc10d608e,incident,lt-erp-fina-06,64ed079b57c5ed2020d0ec2042650e54,Affected CI,2026-07-13 22:08:31,2026-07-01 22:29:20,ServiceNow,IT Service Management,ServiceNow IT Service Management,synthetic-servicenow,synthetic-demo,Change,All_Changes,change,updated,relationship,lt-erp-fina-06,64ed079b57c5ed2020d0ec2042650e54,Affected CI,incident,Affected CI,INC0010007,success,servicenow,servicenow,lt-erp-fina-06,lt-erp-fina-06,INC0010007,incident,incident
ed53c6e8966cc3ab10a881fd9c6a3042,INC0010008,e7a5877caed70f5b906fdb37f06f3695,incident,prd-pay-api-02,6f88d5919c6abcfd31a28213f67e3650,Affected CI,2026-05-23 18:21:08,2026-06-20 09:49:22,ServiceNow,IT Service Management,ServiceNow IT Service Management,synthetic-servicenow,synthetic-demo,Change,All_Changes,change,updated,relationship,prd-pay-api-02,6f88d5919c6abcfd31a28213f67e3650,Affected CI,incident,Affected CI,INC0010008,success,servicenow,servicenow,prd-pay-api-02,prd-pay-api-02,INC0010008,incident,incident
5f01c5855f7e776f368796713df16631,INC0010009,ae6443f98cc823d223e4e1318b7c5593,incident,web-online-b-24,c6f3c5f354d54abb786380dbf66037ae,Affected CI,2026-07-01 06:11:08,2026-06-23 13:16:25,ServiceNow,IT Service Management,ServiceNow IT Service Management,synthetic-servicenow,synthetic-demo,Change,All_Changes,change,updated,relationship,web-online-b-24,c6f3c5f354d54abb786380dbf66037ae,Affected CI,incident,Affected CI,INC0010009,success,servicenow,servicenow,web-online-b-24,web-online-b-24,INC0010009,incident,incident
7b0ba0c706214d97dd54c3ea052b9136,INC0010010,c599214bc9153824845cdeae29594c75,incident,lt-data-war-34,14df9ca44d012942a311510c1de78da3,Affected CI,2026-07-01 04:33:36,2026-06-19 13:38:52,ServiceNow,IT Service Management,ServiceNow IT Service Management,synthetic-servicenow,synthetic-demo,Change,All_Changes,change,updated,relationship,lt-data-war-34,14df9ca44d012942a311510c1de78da3,Affected CI,incident,Affected CI,INC0010010,success,servicenow,servicenow,lt-data-war-34,lt-data-war-34,INC0010010,incident,incident
f1e50c7fbf6d3ad2883cca43f7d80d4d,INC0010011,cc275b571d849bc44817ca52b9e9f46e,incident,web-card-pro-21,316c7bc46c052640dbd2bc9e39b76fa3,Affected CI,2026-07-04 02:37:30,2026-06-17 11:21:35,ServiceNow,IT Service Management,ServiceNow IT Service Management,synthetic-servicenow,synthetic-demo,Change,All_Changes,change,updated,relationship,web-card-pro-21,316c7bc46c052640dbd2bc9e39b76fa3,Affected CI,incident,Affected CI,INC0010011,success,servicenow,servicenow,web-card-pro-21,web-card-pro-21,INC0010011,incident,incident
dda849a27f19c7923be65c5fc7639a5b,INC0010011,cc275b571d849bc44817ca52b9e9f46e,incident,job-customer-05,3578f208b3b4589d65e6ab257dae3a4d,Related CI,2026-06-20 19:48:44,2026-06-26 18:12:30,ServiceNow,IT Service Management,ServiceNow IT Service Management,synthetic-servicenow,synthetic-demo,Change,All_Changes,change,updated,relationship,job-customer-05,3578f208b3b4589d65e6ab257dae3a4d,Related CI,incident,Related CI,INC0010011,success,servicenow,servicenow,job-customer-05,job-customer-05,INC0010011,incident,incident
d4a87f6673bca6a04ba88669552bdd0b,INC0010012,f684e5ff413a85ae559ef43d388399e4,incident,db-security-08,fda2c22089df0ba31c1fd81c3f2847be,Affected CI,2026-06-10 05:35:37,2026-06-27 02:39:29,ServiceNow,IT Service Management,ServiceNow IT Service Management,synthetic-servicenow,synthetic-demo,Change,All_Changes,change,updated,relationship,db-security-08,fda2c22089df0ba31c1fd81c3f2847be,Affected CI,incident,Affected CI,INC0010012,success,servicenow,servicenow,db-security-08,db-security-08,INC0010012,incident,incident
aef9f8615345dec4bb94be1328ff607c,INC0010013,35d7eda4f21cbeb54b6e62db16b2da0f,incident,fin-erp-01,a653986b8faae8b64852f29c6b0a8e90,Affected CI,2026-07-01 19:07:40,2026-06-23 15:57:47,ServiceNow,IT Service Management,ServiceNow IT Service Management,synthetic-servicenow,synthetic-demo,Change,All_Changes,change,updated,relationship,fin-erp-01,a653986b8faae8b64852f29c6b0a8e90,Affected CI,incident,Affected CI,INC0010013,success,servicenow,servicenow,fin-erp-01,fin-erp-01,INC0010013,incident,incident
3631056ba8d1ceefa7ae2ec40877d389,INC0010013,35d7eda4f21cbeb54b6e62db16b2da0f,incident,web-online-b-24,c6f3c5f354d54abb786380dbf66037ae,Related CI,2026-06-27 15:12:17,2026-06-23 13:12:36,ServiceNow,IT Service Management,ServiceNow IT Service Management,synthetic-servicenow,synthetic-demo,Change,All_Changes,change,updated,relationship,web-online-b-24,c6f3c5f354d54abb786380dbf66037ae,Related CI,incident,Related CI,INC0010013,success,servicenow,servicenow,web-online-b-24,web-online-b-24,INC0010013,incident,incident
dca6e060315190623ab1e2b7fbe5a6cf,INC0010014,a7b06ab3929403c2ca8c801c34c41cb4,incident,db-security-08,fda2c22089df0ba31c1fd81c3f2847be,Affected CI,2026-06-24 21:21:02,2026-06-29 10:04:02,ServiceNow,IT Service Management,ServiceNow IT Service Management,synthetic-servicenow,synthetic-demo,Change,All_Changes,change,updated,relationship,db-security-08,fda2c22089df0ba31c1fd81c3f2847be,Affected CI,incident,Affected CI,INC0010014,success,servicenow,servicenow,db-security-08,db-security-08,INC0010014,incident,incident
23926862f2018a4df3633e700b33b95c,INC0010015,4c81773140f5a4e7d048b99caa391dce,incident,web-manufact-01,a33005b4d1ae1782797b943ab95ef79c,Affected CI,2026-04-23 03:43:57,2026-06-27 03:07:43,ServiceNow,IT Service Management,ServiceNow IT Service Management,synthetic-servicenow,synthetic-demo,Change,All_Changes,change,updated,relationship,web-manufact-01,a33005b4d1ae1782797b943ab95ef79c,Affected CI,incident,Affected CI,INC0010015,success,servicenow,servicenow,web-manufact-01,web-manufact-01,INC0010015,incident,incident
8be4b78064dba7153bc596c348747d1a,INC0010016,8c6006392697874d6d6bef3861daf894,incident,web-customer-16,bc23b1ec70c622bd36b962e8ca71dbc7,Affected CI,2026-07-13 17:34:09,2026-06-30 09:02:10,ServiceNow,IT Service Management,ServiceNow IT Service Management,synthetic-servicenow,synthetic-demo,Change,All_Changes,change,updated,relationship,web-customer-16,bc23b1ec70c622bd36b962e8ca71dbc7,Affected CI,incident,Affected CI,INC0010016,success,servicenow,servicenow,web-customer-16,web-customer-16,INC0010016,incident,incident
46816948976b52ea70f34a99f0bb5b3d,INC0010017,2f1049e0195eb63ffe9f3e1b457ff561,incident,app-corporat-07,893387f59d76be4111a1edf048e0a384,Affected CI,2026-07-11 07:31:32,2026-06-27 02:50:46,ServiceNow,IT Service Management,ServiceNow IT Service Management,synthetic-servicenow,synthetic-demo,Change,All_Changes,change,updated,relationship,app-corporat-07,893387f59d76be4111a1edf048e0a384,Affected CI,incident,Affected CI,INC0010017,success,servicenow,servicenow,app-corporat-07,app-corporat-07,INC0010017,incident,incident
29ea1ce57577264c19fbd9bba6b360bd,INC0010018,4213f5c245f43c4b221a88692dd1afd1,incident,db-security-11,be473a053026fd67eaf67a0378bb101c,Affected CI,2026-04-28 00:57:16,2026-06-15 21:32:05,ServiceNow,IT Service Management,ServiceNow IT Service Management,synthetic-servicenow,synthetic-demo,Change,All_Changes,change,updated,relationship,db-security-11,be473a053026fd67eaf67a0378bb101c,Affected CI,incident,Affected CI,INC0010018,success,servicenow,servicenow,db-security-11,db-security-11,INC0010018,incident,incident
66089698107f1d13c0d99db37203a76b,INC0010019,21c18a73881143e3746fd567a44b834f,incident,waf-edge-02,845afaca9bb03648b7986a5f0c89b163,Affected CI,2026-05-23 08:06:05,2026-06-21 23:35:23,ServiceNow,IT Service Management,ServiceNow IT Service Management,synthetic-servicenow,synthetic-demo,Change,All_Changes,change,updated,relationship,waf-edge-02,845afaca9bb03648b7986a5f0c89b163,Affected CI,incident,Affected CI,INC0010019,success,servicenow,servicenow,waf-edge-02,waf-edge-02,INC0010019,incident,incident
7cbd87840534ef190916fd7d17868637,INC0010019,21c18a73881143e3746fd567a44b834f,incident,app-card-pro-32,ff37d071384e9a93afad4b7b56241642,Related CI,2026-06-24 05:10:38,2026-07-01 18:19:57,ServiceNow,IT Service Management,ServiceNow IT Service Management,synthetic-servicenow,synthetic-demo,Change,All_Changes,change,updated,relationship,app-card-pro-32,ff37d071384e9a93afad4b7b56241642,Related CI,incident,Related CI,INC0010019,success,servicenow,servicenow,app-card-pro-32,app-card-pro-32,INC0010019,incident,incident
891df9c92e73d5c60e52ddedd88e4472,INC0010020,9a406c96ee21a6a1a082bad413482b81,incident,app-corporat-10,5714f75abe26b9832727f263d4ca5746,Affected CI,2026-06-04 10:54:05,2026-06-17 05:57:18,ServiceNow,IT Service Management,ServiceNow IT Service Management,synthetic-servicenow,synthetic-demo,Change,All_Changes,change,updated,relationship,app-corporat-10,5714f75abe26b9832727f263d4ca5746,Affected CI,incident,Affected CI,INC0010020,success,servicenow,servicenow,app-corporat-10,app-corporat-10,INC0010020,incident,incident
4c98fdc764fc6b86fdaa772a91a3b473,INC0010020,9a406c96ee21a6a1a082bad413482b81,incident,web-customer-23,c7df96e9605e8eabb94a8771923912d5,Related CI,2026-07-08 07:33:15,2026-07-02 06:39:53,ServiceNow,IT Service Management,ServiceNow IT Service Management,synthetic-servicenow,synthetic-demo,Change,All_Changes,change,updated,relationship,web-customer-23,c7df96e9605e8eabb94a8771923912d5,Related CI,incident,Related CI,INC0010020,success,servicenow,servicenow,web-customer-23,web-customer-23,INC0010020,incident,incident
a365b7bb80d65c25fb11de571281300d,INC0010021,27bda3f35aa794f9e6c6138d8cd1fe38,incident,job-customer-26,d1b1c9722c58fd05998b1bfa0f7ea669,Affected CI,2026-05-24 04:30:22,2026-07-04 13:45:55,ServiceNow,IT Service Management,ServiceNow IT Service Management,synthetic-servicenow,synthetic-demo,Change,All_Changes,change,updated,relationship,job-customer-26,d1b1c9722c58fd05998b1bfa0f7ea669,Affected CI,incident,Affected CI,INC0010021,success,servicenow,servicenow,job-customer-26,job-customer-26,INC0010021,incident,incident
148b0e24c75ddc9117605b7551bdc11e,INC0010021,27bda3f35aa794f9e6c6138d8cd1fe38,incident,idp-prd-01,46c3c0bb7f6c8c28c4507ffb8fd5c53b,Related CI,2026-06-20 01:15:59,2026-07-01 03:04:41,ServiceNow,IT Service Management,ServiceNow IT Service Management,synthetic-servicenow,synthetic-demo,Change,All_Changes,change,updated,relationship,idp-prd-01,46c3c0bb7f6c8c28c4507ffb8fd5c53b,Related CI,incident,Related CI,INC0010021,success,servicenow,servicenow,idp-prd-01,idp-prd-01,INC0010021,incident,incident
d9a7bd1baf4d8e89a029f8a82ce93787,INC0010022,fd61ee0cfc5dcf1f6083fa045d92ad48,incident,mail-edge-01,c4ef9902012b16477288a947e42f2778,Affected CI,2026-06-28 23:48:34,2026-07-06 21:22:30,ServiceNow,IT Service Management,ServiceNow IT Service Management,synthetic-servicenow,synthetic-demo,Change,All_Changes,change,updated,relationship,mail-edge-01,c4ef9902012b16477288a947e42f2778,Affected CI,incident,Affected CI,INC0010022,success,servicenow,servicenow,mail-edge-01,mail-edge-01,INC0010022,incident,incident
c3a5313eede9127eb8b313be41167280,INC0010023,d9662402283828e8735f1db80e3f2754,incident,web-card-pro-21,316c7bc46c052640dbd2bc9e39b76fa3,Affected CI,2026-06-20 18:15:43,2026-07-05 17:14:26,ServiceNow,IT Service Management,ServiceNow IT Service Management,synthetic-servicenow,synthetic-demo,Change,All_Changes,change,updated,relationship,web-card-pro-21,316c7bc46c052640dbd2bc9e39b76fa3,Affected CI,incident,Affected CI,INC0010023,success,servicenow,servicenow,web-card-pro-21,web-card-pro-21,INC0010023,incident,incident
20a049067ad2c195f2f944b56f2c61af,INC0010023,d9662402283828e8735f1db80e3f2754,incident,job-customer-25,c1ef67fd0e23e6accb2281f890988a66,Related CI,2026-06-10 18:44:24,2026-07-02 11:51:33,ServiceNow,IT Service Management,ServiceNow IT Service Management,synthetic-servicenow,synthetic-demo,Change,All_Changes,change,updated,relationship,job-customer-25,c1ef67fd0e23e6accb2281f890988a66,Related CI,incident,Related CI,INC0010023,success,servicenow,servicenow,job-customer-25,job-customer-25,INC0010023,incident,incident
0c78d4c746ae164126290f464f6f6938,INC0010024,ab04345abd68e186c548eeb92d05a502,incident,lt-erp-fina-06,64ed079b57c5ed2020d0ec2042650e54,Affected CI,2026-05-02 11:36:37,2026-06-26 16:17:17,ServiceNow,IT Service Management,ServiceNow IT Service Management,synthetic-servicenow,synthetic-demo,Change,All_Changes,change,updated,relationship,lt-erp-fina-06,64ed079b57c5ed2020d0ec2042650e54,Affected CI,incident,Affected CI,INC0010024,success,servicenow,servicenow,lt-erp-fina-06,lt-erp-fina-06,INC0010024,incident,incident
14a29269ea1489048f7246e72e19b748,INC0010025,f09ee1bf51532bb0bbb27901741dcd1c,incident,app-erp-fina-38,291715e5e2ad5712395de74d7412827b,Affected CI,2026-05-28 09:07:31,2026-06-27 01:53:15,ServiceNow,IT Service Management,ServiceNow IT Service Management,synthetic-servicenow,synthetic-demo,Change,All_Changes,change,updated,relationship,app-erp-fina-38,291715e5e2ad5712395de74d7412827b,Affected CI,incident,Affected CI,INC0010025,success,servicenow,servicenow,app-erp-fina-38,app-erp-fina-38,INC0010025,incident,incident
73f4f08ea8b99c0a3877ab291f69a415,INC0010025,f09ee1bf51532bb0bbb27901741dcd1c,incident,db-security-08,fda2c22089df0ba31c1fd81c3f2847be,Related CI,2026-05-09 01:25:23,2026-06-27 15:31:04,ServiceNow,IT Service Management,ServiceNow IT Service Management,synthetic-servicenow,synthetic-demo,Change,All_Changes,change,updated,relationship,db-security-08,fda2c22089df0ba31c1fd81c3f2847be,Related CI,incident,Related CI,INC0010025,success,servicenow,servicenow,db-security-08,db-security-08,INC0010025,incident,incident
3bdbd3130eadde44ca395f921ec582ce,INC0010026,92353b842775c209fbbe974439cfbb9d,incident,job-email-an-27,31babf6cd0ac5fec529e644c7de30552,Affected CI,2026-06-04 03:59:13,2026-07-12 12:12:10,ServiceNow,IT Service Management,ServiceNow IT Service Management,synthetic-servicenow,synthetic-demo,Change,All_Changes,change,updated,relationship,job-email-an-27,31babf6cd0ac5fec529e644c7de30552,Affected CI,incident,Affected CI,INC0010026,success,servicenow,servicenow,job-email-an-27,job-email-an-27,INC0010026,incident,incident
566732d99c13e4c2e94d89846920cebf,INC0010026,92353b842775c209fbbe974439cfbb9d,incident,db-security-11,be473a053026fd67eaf67a0378bb101c,Related CI,2026-05-10 20:42:18,2026-06-14 18:17:22,ServiceNow,IT Service Management,ServiceNow IT Service Management,synthetic-servicenow,synthetic-demo,Change,All_Changes,change,updated,relationship,db-security-11,be473a053026fd67eaf67a0378bb101c,Related CI,incident,Related CI,INC0010026,success,servicenow,servicenow,db-security-11,db-security-11,INC0010026,incident,incident
0c53dbfdbca848a8d30cda5c506f6061,INC0010027,443ea8417ea15137d31a83b16f4229ca,incident,web-card-pro-36,c5bfb8e82bf24f85560f8f4d1942dce4,Affected CI,2026-05-15 13:19:47,2026-06-28 12:23:51,ServiceNow,IT Service Management,ServiceNow IT Service Management,synthetic-servicenow,synthetic-demo,Change,All_Changes,change,updated,relationship,web-card-pro-36,c5bfb8e82bf24f85560f8f4d1942dce4,Affected CI,incident,Affected CI,INC0010027,success,servicenow,servicenow,web-card-pro-36,web-card-pro-36,INC0010027,incident,incident
1625f99ab7b58e7168570a08db3f42ce,INC0010028,e184819943c88ff669e136132ccac362,incident,app-erp-fina-38,291715e5e2ad5712395de74d7412827b,Affected CI,2026-04-21 23:33:52,2026-07-14 18:29:03,ServiceNow,IT Service Management,ServiceNow IT Service Management,synthetic-servicenow,synthetic-demo,Change,All_Changes,change,updated,relationship,app-erp-fina-38,291715e5e2ad5712395de74d7412827b,Affected CI,incident,Affected CI,INC0010028,success,servicenow,servicenow,app-erp-fina-38,app-erp-fina-38,INC0010028,incident,incident
dd831177d77aaba8b457d34aacbb1e0c,INC0010029,afa2f9a97adf1f198c35dfc3ad1f2cee,incident,web-customer-16,bc23b1ec70c622bd36b962e8ca71dbc7,Affected CI,2026-07-14 05:30:50,2026-07-05 22:11:44,ServiceNow,IT Service Management,ServiceNow IT Service Management,synthetic-servicenow,synthetic-demo,Change,All_Changes,change,updated,relationship,web-customer-16,bc23b1ec70c622bd36b962e8ca71dbc7,Affected CI,incident,Affected CI,INC0010029,success,servicenow,servicenow,web-customer-16,web-customer-16,INC0010029,incident,incident
22c7a96397ffef2655f8ff432548479f,INC0010029,afa2f9a97adf1f198c35dfc3ad1f2cee,incident,web-email-an-13,35ae6d910a6125127c3d4e316c3f3eba,Related CI,2026-04-29 09:28:36,2026-06-21 10:18:18,ServiceNow,IT Service Management,ServiceNow IT Service Management,synthetic-servicenow,synthetic-demo,Change,All_Changes,change,updated,relationship,web-email-an-13,35ae6d910a6125127c3d4e316c3f3eba,Related CI,incident,Related CI,INC0010029,success,servicenow,servicenow,web-email-an-13,web-email-an-13,INC0010029,incident,incident
ba14adc0d8e07c76ff5cbf2278bdfdd7,INC0010030,71653e18ea4737c3961b939f0822dca3,incident,app-data-war-22,8063ba03b3abb3947ffd7697f2f18f65,Affected CI,2026-05-14 18:58:42,2026-06-25 03:24:54,ServiceNow,IT Service Management,ServiceNow IT Service Management,synthetic-servicenow,synthetic-demo,Change,All_Changes,change,updated,relationship,app-data-war-22,8063ba03b3abb3947ffd7697f2f18f65,Affected CI,incident,Affected CI,INC0010030,success,servicenow,servicenow,app-data-war-22,app-data-war-22,INC0010030,incident,incident
375af8506872e9144396ae25915104b6,INC0010031,1e1ee35ce0e981ff9ba065641efb8579,incident,web-card-pro-39,fd9033d5850b2390b6d2ce2995c2c8f5,Affected CI,2026-04-30 03:15:47,2026-07-14 19:11:14,ServiceNow,IT Service Management,ServiceNow IT Service Management,synthetic-servicenow,synthetic-demo,Change,All_Changes,change,updated,relationship,web-card-pro-39,fd9033d5850b2390b6d2ce2995c2c8f5,Affected CI,incident,Affected CI,INC0010031,success,servicenow,servicenow,web-card-pro-39,web-card-pro-39,INC0010031,incident,incident
814e07a526f80f1151cff02407887790,INC0010032,d242594f5c4d0a18fc5a3059a7f3966a,incident,job-corporat-29,75a87fbf1f78846008d7c15c54f85a47,Affected CI,2026-05-10 04:52:21,2026-07-05 06:56:24,ServiceNow,IT Service Management,ServiceNow IT Service Management,synthetic-servicenow,synthetic-demo,Change,All_Changes,change,updated,relationship,job-corporat-29,75a87fbf1f78846008d7c15c54f85a47,Affected CI,incident,Affected CI,INC0010032,success,servicenow,servicenow,job-corporat-29,job-corporat-29,INC0010032,incident,incident
d9101af3893fdaf62974dfae74640d87,INC0010033,145db76c7450383a9fdffbba76ab4e83,incident,web-card-pro-21,316c7bc46c052640dbd2bc9e39b76fa3,Affected CI,2026-04-25 20:05:28,2026-06-25 12:59:06,ServiceNow,IT Service Management,ServiceNow IT Service Management,synthetic-servicenow,synthetic-demo,Change,All_Changes,change,updated,relationship,web-card-pro-21,316c7bc46c052640dbd2bc9e39b76fa3,Affected CI,incident,Affected CI,INC0010033,success,servicenow,servicenow,web-card-pro-21,web-card-pro-21,INC0010033,incident,incident
7395d9663ea852d42903186732b28df3,INC0010034,58571fba90221784c695129161db997f,incident,lt-corporat-33,04bd1a7a479b2dd5696b9afcd2bb12f0,Affected CI,2026-05-24 19:53:58,2026-06-28 07:34:08,ServiceNow,IT Service Management,ServiceNow IT Service Management,synthetic-servicenow,synthetic-demo,Change,All_Changes,change,updated,relationship,lt-corporat-33,04bd1a7a479b2dd5696b9afcd2bb12f0,Affected CI,incident,Affected CI,INC0010034,success,servicenow,servicenow,lt-corporat-33,lt-corporat-33,INC0010034,incident,incident
4831e5aca13140b8c4b47999db7f964c,INC0010035,a6374bd86d1d2eacc3c87fda45e890b2,incident,prd-pay-api-02,6f88d5919c6abcfd31a28213f67e3650,Affected CI,2026-05-10 20:05:50,2026-06-15 01:58:50,ServiceNow,IT Service Management,ServiceNow IT Service Management,synthetic-servicenow,synthetic-demo,Change,All_Changes,change,updated,relationship,prd-pay-api-02,6f88d5919c6abcfd31a28213f67e3650,Affected CI,incident,Affected CI,INC0010035,success,servicenow,servicenow,prd-pay-api-02,prd-pay-api-02,INC0010035,incident,incident
eb88db88fae0e19bb3deeadfbfa13a8e,INC0010036,9697f1707728e443ccbece5dde07f785,incident,vpn-gw-02,c5d306ddb70d59c95854994593f6c8e0,Affected CI,2026-06-28 06:13:42,2026-06-25 03:50:27,ServiceNow,IT Service Management,ServiceNow IT Service Management,synthetic-servicenow,synthetic-demo,Change,All_Changes,change,updated,relationship,vpn-gw-02,c5d306ddb70d59c95854994593f6c8e0,Affected CI,incident,Affected CI,INC0010036,success,servicenow,servicenow,vpn-gw-02,vpn-gw-02,INC0010036,incident,incident
bc8d5feaccac97b5ae14366c60bc9534,INC0010037,a34802a750e1176e57b79cd247b15b68,incident,vpn-gw-01,edb61dbbc54f635f96974ee013a83cfd,Affected CI,2026-07-13 12:53:20,2026-07-03 02:20:25,ServiceNow,IT Service Management,ServiceNow IT Service Management,synthetic-servicenow,synthetic-demo,Change,All_Changes,change,updated,relationship,vpn-gw-01,edb61dbbc54f635f96974ee013a83cfd,Affected CI,incident,Affected CI,INC0010037,success,servicenow,servicenow,vpn-gw-01,vpn-gw-01,INC0010037,incident,incident
bf27cfe8669c86607326ec0169835926,INC0010038,8621ef1da1aae64e247ff02fc7f958c6,incident,lt-erp-fina-06,64ed079b57c5ed2020d0ec2042650e54,Affected CI,2026-06-29 06:40:32,2026-06-22 02:08:18,ServiceNow,IT Service Management,ServiceNow IT Service Management,synthetic-servicenow,synthetic-demo,Change,All_Changes,change,updated,relationship,lt-erp-fina-06,64ed079b57c5ed2020d0ec2042650e54,Affected CI,incident,Affected CI,INC0010038,success,servicenow,servicenow,lt-erp-fina-06,lt-erp-fina-06,INC0010038,incident,incident
dfd3d1e02f2c8157db62c9bad59ec3f9,INC0010039,2b668915ffd1f7b0763006844472b1da,incident,lt-card-pro-31,64ff57e0340f216af7d59d2893c540e9,Affected CI,2026-04-15 06:07:52,2026-06-22 14:04:26,ServiceNow,IT Service Management,ServiceNow IT Service Management,synthetic-servicenow,synthetic-demo,Change,All_Changes,change,updated,relationship,lt-card-pro-31,64ff57e0340f216af7d59d2893c540e9,Affected CI,incident,Affected CI,INC0010039,success,servicenow,servicenow,lt-card-pro-31,lt-card-pro-31,INC0010039,incident,incident
3265d5212c4a5df812f384d884c2d6c2,INC0010040,b73d960c27a3f2d5d766f3e4a210f40f,incident,lt-erp-fina-06,64ed079b57c5ed2020d0ec2042650e54,Affected CI,2026-04-25 14:33:31,2026-06-16 06:11:42,ServiceNow,IT Service Management,ServiceNow IT Service Management,synthetic-servicenow,synthetic-demo,Change,All_Changes,change,updated,relationship,lt-erp-fina-06,64ed079b57c5ed2020d0ec2042650e54,Affected CI,incident,Affected CI,INC0010040,success,servicenow,servicenow,lt-erp-fina-06,lt-erp-fina-06,INC0010040,incident,incident
6d84ac7179144272a0dafb84a7639f0f,INC0010040,b73d960c27a3f2d5d766f3e4a210f40f,incident,waf-edge-02,845afaca9bb03648b7986a5f0c89b163,Related CI,2026-07-04 02:20:42,2026-06-28 14:56:10,ServiceNow,IT Service Management,ServiceNow IT Service Management,synthetic-servicenow,synthetic-demo,Change,All_Changes,change,updated,relationship,waf-edge-02,845afaca9bb03648b7986a5f0c89b163,Related CI,incident,Related CI,INC0010040,success,servicenow,servicenow,waf-edge-02,waf-edge-02,INC0010040,incident,incident
5f6423c4e10bcf32795c905e653f6ae2,INC0010041,153e618e42bb9c06c648d48f3311ed8c,incident,lt-card-pro-31,64ff57e0340f216af7d59d2893c540e9,Affected CI,2026-05-20 21:34:53,2026-06-30 02:35:37,ServiceNow,IT Service Management,ServiceNow IT Service Management,synthetic-servicenow,synthetic-demo,Change,All_Changes,change,updated,relationship,lt-card-pro-31,64ff57e0340f216af7d59d2893c540e9,Affected CI,incident,Affected CI,INC0010041,success,servicenow,servicenow,lt-card-pro-31,lt-card-pro-31,INC0010041,incident,incident
d6e65399a747466622edd6148acffbe9,INC0010042,3bd332abe23996f7c63665e1f91567db,incident,app-data-war-22,8063ba03b3abb3947ffd7697f2f18f65,Affected CI,2026-06-03 22:22:20,2026-06-20 08:59:21,ServiceNow,IT Service Management,ServiceNow IT Service Management,synthetic-servicenow,synthetic-demo,Change,All_Changes,change,updated,relationship,app-data-war-22,8063ba03b3abb3947ffd7697f2f18f65,Affected CI,incident,Affected CI,INC0010042,success,servicenow,servicenow,app-data-war-22,app-data-war-22,INC0010042,incident,incident
041e9804d276ac2ab5ef26a29fba5e62,INC0010043,d1ce7e1654b2cfd8b072f4001df44732,incident,node-email-an-04,f020aeb831ab4cfb60eb834b53468a1a,Affected CI,2026-06-28 22:16:00,2026-06-15 16:57:30,ServiceNow,IT Service Management,ServiceNow IT Service Management,synthetic-servicenow,synthetic-demo,Change,All_Changes,change,updated,relationship,node-email-an-04,f020aeb831ab4cfb60eb834b53468a1a,Affected CI,incident,Affected CI,INC0010043,success,servicenow,servicenow,node-email-an-04,node-email-an-04,INC0010043,incident,incident
f84971a076664f4ba82f7dd6be30265c,INC0010044,50160b4e068558d0a33f3bef711dfab5,incident,app-email-an-28,997d1812f81a72b46530089f178f94df,Affected CI,2026-06-20 10:11:51,2026-06-29 20:17:41,ServiceNow,IT Service Management,ServiceNow IT Service Management,synthetic-servicenow,synthetic-demo,Change,All_Changes,change,updated,relationship,app-email-an-28,997d1812f81a72b46530089f178f94df,Affected CI,incident,Affected CI,INC0010044,success,servicenow,servicenow,app-email-an-28,app-email-an-28,INC0010044,incident,incident
86ab5a17834e87d9a61ff94008a1c89e,INC0010045,7e311c69f2c88e1e8a7cf2c94ddc1475,incident,node-erp-fina-02,35a4b1f034554719b9c267dc082d7dcf,Affected CI,2026-06-20 09:43:00,2026-07-12 08:13:40,ServiceNow,IT Service Management,ServiceNow IT Service Management,synthetic-servicenow,synthetic-demo,Change,All_Changes,change,updated,relationship,node-erp-fina-02,35a4b1f034554719b9c267dc082d7dcf,Affected CI,incident,Affected CI,INC0010045,success,servicenow,servicenow,node-erp-fina-02,node-erp-fina-02,INC0010045,incident,incident
9a744f675400bab4abc6d770cc5b9590,INC0010045,7e311c69f2c88e1e8a7cf2c94ddc1475,incident,web-data-war-14,a054a2ebbb79e0a91706d8bd71530456,Related CI,2026-06-11 06:47:36,2026-06-16 02:49:22,ServiceNow,IT Service Management,ServiceNow IT Service Management,synthetic-servicenow,synthetic-demo,Change,All_Changes,change,updated,relationship,web-data-war-14,a054a2ebbb79e0a91706d8bd71530456,Related CI,incident,Related CI,INC0010045,success,servicenow,servicenow,web-data-war-14,web-data-war-14,INC0010045,incident,incident
896aae8131353d378f7ea2d641fc90e6,INC0010046,5a0d6f18c6752871de3e033ab2b24793,incident,prd-pay-api-02,6f88d5919c6abcfd31a28213f67e3650,Affected CI,2026-06-29 21:55:56,2026-06-16 07:29:33,ServiceNow,IT Service Management,ServiceNow IT Service Management,synthetic-servicenow,synthetic-demo,Change,All_Changes,change,updated,relationship,prd-pay-api-02,6f88d5919c6abcfd31a28213f67e3650,Affected CI,incident,Affected CI,INC0010046,success,servicenow,servicenow,prd-pay-api-02,prd-pay-api-02,INC0010046,incident,incident
c9457a284ef06cae8659cde09354f30b,INC0010047,d2a39f612997991de525dba7b5e421a7,incident,job-corporat-29,75a87fbf1f78846008d7c15c54f85a47,Affected CI,2026-06-08 09:39:37,2026-06-22 15:07:06,ServiceNow,IT Service Management,ServiceNow IT Service Management,synthetic-servicenow,synthetic-demo,Change,All_Changes,change,updated,relationship,job-corporat-29,75a87fbf1f78846008d7c15c54f85a47,Affected CI,incident,Affected CI,INC0010047,success,servicenow,servicenow,job-corporat-29,job-corporat-29,INC0010047,incident,incident
85a0c3781d40294d2309b772716df963,INC0010048,4c1680c14ac3f7e5e2d20e31a4f2bd32,incident,node-email-an-04,f020aeb831ab4cfb60eb834b53468a1a,Affected CI,2026-04-22 21:21:11,2026-06-29 06:47:45,ServiceNow,IT Service Management,ServiceNow IT Service Management,synthetic-servicenow,synthetic-demo,Change,All_Changes,change,updated,relationship,node-email-an-04,f020aeb831ab4cfb60eb834b53468a1a,Affected CI,incident,Affected CI,INC0010048,success,servicenow,servicenow,node-email-an-04,node-email-an-04,INC0010048,incident,incident
15ade9e9cafb4f7c68fc8a8011ecf0a1,INC0010049,375041f2213fc55fb56557c116565c93,incident,web-data-war-14,a054a2ebbb79e0a91706d8bd71530456,Affected CI,2026-06-04 05:11:55,2026-06-18 11:07:26,ServiceNow,IT Service Management,ServiceNow IT Service Management,synthetic-servicenow,synthetic-demo,Change,All_Changes,change,updated,relationship,web-data-war-14,a054a2ebbb79e0a91706d8bd71530456,Affected CI,incident,Affected CI,INC0010049,success,servicenow,servicenow,web-data-war-14,web-data-war-14,INC0010049,incident,incident
19451173f714662a1d32ed67b34a5d6c,INC0010050,05b34e52db07b38d94c7830d6033f683,incident,web-card-pro-21,316c7bc46c052640dbd2bc9e39b76fa3,Affected CI,2026-05-13 22:31:21,2026-07-09 08:39:24,ServiceNow,IT Service Management,ServiceNow IT Service Management,synthetic-servicenow,synthetic-demo,Change,All_Changes,change,updated,relationship,web-card-pro-21,316c7bc46c052640dbd2bc9e39b76fa3,Affected CI,incident,Affected CI,INC0010050,success,servicenow,servicenow,web-card-pro-21,web-card-pro-21,INC0010050,incident,incident
aba73506df5f14568e48ffbcc5d9ec7a,INC0010051,67a49749789944906c7257b1cb9aadc8,incident,job-corporat-29,75a87fbf1f78846008d7c15c54f85a47,Affected CI,2026-04-18 07:39:22,2026-06-15 19:30:52,ServiceNow,IT Service Management,ServiceNow IT Service Management,synthetic-servicenow,synthetic-demo,Change,All_Changes,change,updated,relationship,job-corporat-29,75a87fbf1f78846008d7c15c54f85a47,Affected CI,incident,Affected CI,INC0010051,success,servicenow,servicenow,job-corporat-29,job-corporat-29,INC0010051,incident,incident
54e5fb8442d4ff8e50d512d285da559a,INC0010052,df7480ef1f6375bbc0c154604c59bd6f,incident,node-email-an-04,f020aeb831ab4cfb60eb834b53468a1a,Affected CI,2026-04-23 20:26:59,2026-06-17 16:44:29,ServiceNow,IT Service Management,ServiceNow IT Service Management,synthetic-servicenow,synthetic-demo,Change,All_Changes,change,updated,relationship,node-email-an-04,f020aeb831ab4cfb60eb834b53468a1a,Affected CI,incident,Affected CI,INC0010052,success,servicenow,servicenow,node-email-an-04,node-email-an-04,INC0010052,incident,incident
ac396256158608e29d1a65046251084b,INC0010053,2718508d80496f238c8e1e04182f39f3,incident,claims-web-03,8aa67e00ef7e5e5281d8ef6cb76f987c,Affected CI,2026-06-02 10:32:19,2026-07-07 07:47:04,ServiceNow,IT Service Management,ServiceNow IT Service Management,synthetic-servicenow,synthetic-demo,Change,All_Changes,change,updated,relationship,claims-web-03,8aa67e00ef7e5e5281d8ef6cb76f987c,Affected CI,incident,Affected CI,INC0010053,success,servicenow,servicenow,claims-web-03,claims-web-03,INC0010053,incident,incident
573b25a45043557364d080788646bbd7,INC0010054,800e6d5ac8df07453791f7e346523dae,incident,lt-data-war-34,14df9ca44d012942a311510c1de78da3,Affected CI,2026-05-03 16:15:21,2026-06-14 22:19:17,ServiceNow,IT Service Management,ServiceNow IT Service Management,synthetic-servicenow,synthetic-demo,Change,All_Changes,change,updated,relationship,lt-data-war-34,14df9ca44d012942a311510c1de78da3,Affected CI,incident,Affected CI,INC0010054,success,servicenow,servicenow,lt-data-war-34,lt-data-war-34,INC0010054,incident,incident
8d1f4306b50482e24017a68d5fa7d70e,INC0010054,800e6d5ac8df07453791f7e346523dae,incident,mes-hmi-07,888c8c94b86dc1fa33058ab512032693,Related CI,2026-05-30 21:25:59,2026-06-17 03:46:43,ServiceNow,IT Service Management,ServiceNow IT Service Management,synthetic-servicenow,synthetic-demo,Change,All_Changes,change,updated,relationship,mes-hmi-07,888c8c94b86dc1fa33058ab512032693,Related CI,incident,Related CI,INC0010054,success,servicenow,servicenow,mes-hmi-07,mes-hmi-07,INC0010054,incident,incident
f5396426f855025f15be7b952e75975b,INC0010055,c83a41399c8d723bb7db86ad4096b982,incident,app-claims-p-20,0e79b2656965311fb4ce4d6779cbd17e,Affected CI,2026-04-15 08:13:26,2026-07-03 06:25:01,ServiceNow,IT Service Management,ServiceNow IT Service Management,synthetic-servicenow,synthetic-demo,Change,All_Changes,change,updated,relationship,app-claims-p-20,0e79b2656965311fb4ce4d6779cbd17e,Affected CI,incident,Affected CI,INC0010055,success,servicenow,servicenow,app-claims-p-20,app-claims-p-20,INC0010055,incident,incident
30b8f55a7328b7e9943217b03c0b690a,INC0010056,bb8a6f19880712b985fb48d5f97cdb26,incident,vpn-gw-02,c5d306ddb70d59c95854994593f6c8e0,Affected CI,2026-05-15 04:02:42,2026-07-03 09:13:18,ServiceNow,IT Service Management,ServiceNow IT Service Management,synthetic-servicenow,synthetic-demo,Change,All_Changes,change,updated,relationship,vpn-gw-02,c5d306ddb70d59c95854994593f6c8e0,Affected CI,incident,Affected CI,INC0010056,success,servicenow,servicenow,vpn-gw-02,vpn-gw-02,INC0010056,incident,incident
3171bc291472468fdcd9ff706ddab0a2,INC0010057,469f319379e3b36d24622076945d0302,incident,job-corporat-29,75a87fbf1f78846008d7c15c54f85a47,Affected CI,2026-07-07 23:10:44,2026-07-08 19:06:42,ServiceNow,IT Service Management,ServiceNow IT Service Management,synthetic-servicenow,synthetic-demo,Change,All_Changes,change,updated,relationship,job-corporat-29,75a87fbf1f78846008d7c15c54f85a47,Affected CI,incident,Affected CI,INC0010057,success,servicenow,servicenow,job-corporat-29,job-corporat-29,INC0010057,incident,incident
09e7a9c9123c8c1086b8956fe1acfe6f,INC0010057,469f319379e3b36d24622076945d0302,incident,app-email-an-19,f5a1f71df145f7a6d2b42018d8217ea1,Related CI,2026-06-10 16:22:04,2026-07-01 06:43:24,ServiceNow,IT Service Management,ServiceNow IT Service Management,synthetic-servicenow,synthetic-demo,Change,All_Changes,change,updated,relationship,app-email-an-19,f5a1f71df145f7a6d2b42018d8217ea1,Related CI,incident,Related CI,INC0010057,success,servicenow,servicenow,app-email-an-19,app-email-an-19,INC0010057,incident,incident
13060d1cb6b38ee8a90feb67c63e5d4b,INC0010058,04c591701ac7e366bbff2895203ee4d0,incident,web-data-war-14,a054a2ebbb79e0a91706d8bd71530456,Affected CI,2026-05-13 22:22:47,2026-06-18 21:37:48,ServiceNow,IT Service Management,ServiceNow IT Service Management,synthetic-servicenow,synthetic-demo,Change,All_Changes,change,updated,relationship,web-data-war-14,a054a2ebbb79e0a91706d8bd71530456,Affected CI,incident,Affected CI,INC0010058,success,servicenow,servicenow,web-data-war-14,web-data-war-14,INC0010058,incident,incident
73af0933824e029478c10c2d5b9c671b,INC0010059,3e762dfa1b6c88c0ce07e69dcf2b843a,incident,node-claims-p-18,1fa62e7b602dfae96943c96a0d57e23e,Affected CI,2026-06-12 20:21:17,2026-07-11 21:47:48,ServiceNow,IT Service Management,ServiceNow IT Service Management,synthetic-servicenow,synthetic-demo,Change,All_Changes,change,updated,relationship,node-claims-p-18,1fa62e7b602dfae96943c96a0d57e23e,Affected CI,incident,Affected CI,INC0010059,success,servicenow,servicenow,node-claims-p-18,node-claims-p-18,INC0010059,incident,incident
684d26210656f6b5edde2a712e67dbc6,INC0010060,1ff97602a40ba98e0689f4fb51c42e74,incident,web-email-an-13,35ae6d910a6125127c3d4e316c3f3eba,Affected CI,2026-05-28 22:46:49,2026-07-12 16:04:12,ServiceNow,IT Service Management,ServiceNow IT Service Management,synthetic-servicenow,synthetic-demo,Change,All_Changes,change,updated,relationship,web-email-an-13,35ae6d910a6125127c3d4e316c3f3eba,Affected CI,incident,Affected CI,INC0010060,success,servicenow,servicenow,web-email-an-13,web-email-an-13,INC0010060,incident,incident
393890e89c3956cfbbe972881930031e,INC0010061,e8514dd93f4badea3e3672ce0d1692e2,incident,prd-sql-pay-01,b46f6537e400dc13f571a44c9b215ef0,Affected CI,2026-06-23 18:18:25,2026-06-22 02:17:15,ServiceNow,IT Service Management,ServiceNow IT Service Management,synthetic-servicenow,synthetic-demo,Change,All_Changes,change,updated,relationship,prd-sql-pay-01,b46f6537e400dc13f571a44c9b215ef0,Affected CI,incident,Affected CI,INC0010061,success,servicenow,servicenow,prd-sql-pay-01,prd-sql-pay-01,INC0010061,incident,incident
1ecf7da4549f139236d75fe33b9a60ca,INC0010062,bf2faad51099ac0ccf22ae0a202af6b6,incident,job-corporat-29,75a87fbf1f78846008d7c15c54f85a47,Affected CI,2026-04-29 02:20:53,2026-06-22 15:09:31,ServiceNow,IT Service Management,ServiceNow IT Service Management,synthetic-servicenow,synthetic-demo,Change,All_Changes,change,updated,relationship,job-corporat-29,75a87fbf1f78846008d7c15c54f85a47,Affected CI,incident,Affected CI,INC0010062,success,servicenow,servicenow,job-corporat-29,job-corporat-29,INC0010062,incident,incident
08015ad72f9421a7a04409e3169aef40,INC0010063,9eac8e5a14390439fabab8e23173f842,incident,dw-etl-01,63917d58f9aa5a1ed5a9470f082986c6,Affected CI,2026-05-03 12:13:26,2026-07-03 17:14:46,ServiceNow,IT Service Management,ServiceNow IT Service Management,synthetic-servicenow,synthetic-demo,Change,All_Changes,change,updated,relationship,dw-etl-01,63917d58f9aa5a1ed5a9470f082986c6,Affected CI,incident,Affected CI,INC0010063,success,servicenow,servicenow,dw-etl-01,dw-etl-01,INC0010063,incident,incident
39d772d8dd0dc57dce84638ecf7c94f2,INC0010064,b5f792a1cb67aad7b7ceb606abcd956e,incident,app-corporat-07,893387f59d76be4111a1edf048e0a384,Affected CI,2026-07-09 12:35:38,2026-06-17 17:27:51,ServiceNow,IT Service Management,ServiceNow IT Service Management,synthetic-servicenow,synthetic-demo,Change,All_Changes,change,updated,relationship,app-corporat-07,893387f59d76be4111a1edf048e0a384,Affected CI,incident,Affected CI,INC0010064,success,servicenow,servicenow,app-corporat-07,app-corporat-07,INC0010064,incident,incident
b99630b30bed48d2f33a37a12d0341bf,INC0010064,b5f792a1cb67aad7b7ceb606abcd956e,incident,waf-edge-02,845afaca9bb03648b7986a5f0c89b163,Related CI,2026-05-07 09:32:51,2026-07-09 04:03:28,ServiceNow,IT Service Management,ServiceNow IT Service Management,synthetic-servicenow,synthetic-demo,Change,All_Changes,change,updated,relationship,waf-edge-02,845afaca9bb03648b7986a5f0c89b163,Related CI,incident,Related CI,INC0010064,success,servicenow,servicenow,waf-edge-02,waf-edge-02,INC0010064,incident,incident
782ae116045debe5dfbb4f1d4dce6f52,INC0010065,67ef7dd9573244fe797aa98c3739c187,incident,job-customer-25,c1ef67fd0e23e6accb2281f890988a66,Affected CI,2026-06-25 01:59:48,2026-06-16 02:35:56,ServiceNow,IT Service Management,ServiceNow IT Service Management,synthetic-servicenow,synthetic-demo,Change,All_Changes,change,updated,relationship,job-customer-25,c1ef67fd0e23e6accb2281f890988a66,Affected CI,incident,Affected CI,INC0010065,success,servicenow,servicenow,job-customer-25,job-customer-25,INC0010065,incident,incident
65f7dd79c7311d55a0b50bd346d36da4,INC0010066,5db2caad7c6b81329deb5c5cf023b8a0,incident,fin-erp-01,a653986b8faae8b64852f29c6b0a8e90,Affected CI,2026-06-15 00:02:48,2026-07-01 23:53:13,ServiceNow,IT Service Management,ServiceNow IT Service Management,synthetic-servicenow,synthetic-demo,Change,All_Changes,change,updated,relationship,fin-erp-01,a653986b8faae8b64852f29c6b0a8e90,Affected CI,incident,Affected CI,INC0010066,success,servicenow,servicenow,fin-erp-01,fin-erp-01,INC0010066,incident,incident
2c3d29d49c9b33632e37035ac848dd4f,INC0010067,fe7364de332d21410acec8f2ff2eaa41,incident,app-email-an-19,f5a1f71df145f7a6d2b42018d8217ea1,Affected CI,2026-04-30 03:11:26,2026-07-04 10:03:15,ServiceNow,IT Service Management,ServiceNow IT Service Management,synthetic-servicenow,synthetic-demo,Change,All_Changes,change,updated,relationship,app-email-an-19,f5a1f71df145f7a6d2b42018d8217ea1,Affected CI,incident,Affected CI,INC0010067,success,servicenow,servicenow,app-email-an-19,app-email-an-19,INC0010067,incident,incident
4d62a6b3d77ae18b626be0d194463e21,INC0010068,72bdf7e2ea4c05999ec3f5744afaf41a,incident,web-card-pro-36,c5bfb8e82bf24f85560f8f4d1942dce4,Affected CI,2026-06-12 01:11:17,2026-07-04 02:09:52,ServiceNow,IT Service Management,ServiceNow IT Service Management,synthetic-servicenow,synthetic-demo,Change,All_Changes,change,updated,relationship,web-card-pro-36,c5bfb8e82bf24f85560f8f4d1942dce4,Affected CI,incident,Affected CI,INC0010068,success,servicenow,servicenow,web-card-pro-36,web-card-pro-36,INC0010068,incident,incident
83091f957fc068c085e3ecfa4ad56fb8,INC0010068,72bdf7e2ea4c05999ec3f5744afaf41a,incident,edr-mgmt-01,42f24baa0bd2fa27132af710260f93dc,Related CI,2026-04-15 19:20:06,2026-06-22 22:03:15,ServiceNow,IT Service Management,ServiceNow IT Service Management,synthetic-servicenow,synthetic-demo,Change,All_Changes,change,updated,relationship,edr-mgmt-01,42f24baa0bd2fa27132af710260f93dc,Related CI,incident,Related CI,INC0010068,success,servicenow,servicenow,edr-mgmt-01,edr-mgmt-01,INC0010068,incident,incident
1420f0c24e372c5dc4e239c1872484f7,INC0010069,77f0c463694b0a1497e0983a11e008ea,incident,job-email-an-27,31babf6cd0ac5fec529e644c7de30552,Affected CI,2026-06-15 15:11:53,2026-07-10 19:12:17,ServiceNow,IT Service Management,ServiceNow IT Service Management,synthetic-servicenow,synthetic-demo,Change,All_Changes,change,updated,relationship,job-email-an-27,31babf6cd0ac5fec529e644c7de30552,Affected CI,incident,Affected CI,INC0010069,success,servicenow,servicenow,job-email-an-27,job-email-an-27,INC0010069,incident,incident
e7cf3e1bbd63ded5d1b4f6fb9cec7011,INC0010070,0ede28afea2710c8a76733a33fcd309c,incident,web-card-pro-39,fd9033d5850b2390b6d2ce2995c2c8f5,Affected CI,2026-06-28 11:27:53,2026-07-13 00:52:42,ServiceNow,IT Service Management,ServiceNow IT Service Management,synthetic-servicenow,synthetic-demo,Change,All_Changes,change,updated,relationship,web-card-pro-39,fd9033d5850b2390b6d2ce2995c2c8f5,Affected CI,incident,Affected CI,INC0010070,success,servicenow,servicenow,web-card-pro-39,web-card-pro-39,INC0010070,incident,incident
a3897e7998c0a49021970a976b445ff4,INC0010071,d44f72ef4919ac0f38013ffa4a88bef6,incident,web-email-an-13,35ae6d910a6125127c3d4e316c3f3eba,Affected CI,2026-06-08 07:26:54,2026-07-13 17:23:11,ServiceNow,IT Service Management,ServiceNow IT Service Management,synthetic-servicenow,synthetic-demo,Change,All_Changes,change,updated,relationship,web-email-an-13,35ae6d910a6125127c3d4e316c3f3eba,Affected CI,incident,Affected CI,INC0010071,success,servicenow,servicenow,web-email-an-13,web-email-an-13,INC0010071,incident,incident
a3fbdef42688552407c4100033bb700e,INC0010072,38439e558f1070b63ffb228ba1d535a7,incident,web-online-b-24,c6f3c5f354d54abb786380dbf66037ae,Affected CI,2026-06-19 01:43:37,2026-06-29 18:00:31,ServiceNow,IT Service Management,ServiceNow IT Service Management,synthetic-servicenow,synthetic-demo,Change,All_Changes,change,updated,relationship,web-online-b-24,c6f3c5f354d54abb786380dbf66037ae,Affected CI,incident,Affected CI,INC0010072,success,servicenow,servicenow,web-online-b-24,web-online-b-24,INC0010072,incident,incident
5d81768b59ecca11bdc8940c945b3e67,INC0010073,31aa87050b0f8a9c658c111f100f105f,incident,web-manufact-01,a33005b4d1ae1782797b943ab95ef79c,Affected CI,2026-06-15 18:13:49,2026-06-17 07:10:04,ServiceNow,IT Service Management,ServiceNow IT Service Management,synthetic-servicenow,synthetic-demo,Change,All_Changes,change,updated,relationship,web-manufact-01,a33005b4d1ae1782797b943ab95ef79c,Affected CI,incident,Affected CI,INC0010073,success,servicenow,servicenow,web-manufact-01,web-manufact-01,INC0010073,incident,incident
e32f7c3345fa47ef219c207ee7a026a7,INC0010074,9a7750cad3956d6cba39b17d5dc1479e,incident,edr-mgmt-01,42f24baa0bd2fa27132af710260f93dc,Affected CI,2026-05-01 13:33:24,2026-07-12 08:15:27,ServiceNow,IT Service Management,ServiceNow IT Service Management,synthetic-servicenow,synthetic-demo,Change,All_Changes,change,updated,relationship,edr-mgmt-01,42f24baa0bd2fa27132af710260f93dc,Affected CI,incident,Affected CI,INC0010074,success,servicenow,servicenow,edr-mgmt-01,edr-mgmt-01,INC0010074,incident,incident
2e011b9ddf6d5faf1f505bac66314934,INC0010075,a63f65702db5315a6a7546e0c8b68533,incident,prd-pay-api-01,c118c7987f3ec387e7c8de061db00801,Affected CI,2026-06-11 15:03:52,2026-06-19 21:49:21,ServiceNow,IT Service Management,ServiceNow IT Service Management,synthetic-servicenow,synthetic-demo,Change,All_Changes,change,updated,relationship,prd-pay-api-01,c118c7987f3ec387e7c8de061db00801,Affected CI,incident,Affected CI,INC0010075,success,servicenow,servicenow,prd-pay-api-01,prd-pay-api-01,INC0010075,incident,incident
a78069fe5ff4ff7abcc3f56b3520b70d,INC0010076,34a2a7556415e9c666ff277411028e52,incident,job-card-pro-17,386b4eebd58d109acf87b74ff6612471,Affected CI,2026-07-06 06:50:38,2026-06-29 04:49:31,ServiceNow,IT Service Management,ServiceNow IT Service Management,synthetic-servicenow,synthetic-demo,Change,All_Changes,change,updated,relationship,job-card-pro-17,386b4eebd58d109acf87b74ff6612471,Affected CI,incident,Affected CI,INC0010076,success,servicenow,servicenow,job-card-pro-17,job-card-pro-17,INC0010076,incident,incident
af828c12dd0054551378e37afdb45c0e,INC0010077,c09d0dd24a776935f88acd6a43acae41,incident,job-customer-05,3578f208b3b4589d65e6ab257dae3a4d,Affected CI,2026-04-29 23:54:10,2026-07-04 05:30:39,ServiceNow,IT Service Management,ServiceNow IT Service Management,synthetic-servicenow,synthetic-demo,Change,All_Changes,change,updated,relationship,job-customer-05,3578f208b3b4589d65e6ab257dae3a4d,Affected CI,incident,Affected CI,INC0010077,success,servicenow,servicenow,job-customer-05,job-customer-05,INC0010077,incident,incident
3a4cab911ee5cda1dc0f56e9685b0990,INC0010078,055a1f99502f4996ac7400402452bf75,incident,job-email-an-27,31babf6cd0ac5fec529e644c7de30552,Affected CI,2026-07-12 12:48:08,2026-06-14 01:11:43,ServiceNow,IT Service Management,ServiceNow IT Service Management,synthetic-servicenow,synthetic-demo,Change,All_Changes,change,updated,relationship,job-email-an-27,31babf6cd0ac5fec529e644c7de30552,Affected CI,incident,Affected CI,INC0010078,success,servicenow,servicenow,job-email-an-27,job-email-an-27,INC0010078,incident,incident
3659672d4fb7877ad17b11ecaebf7a03,INC0010078,055a1f99502f4996ac7400402452bf75,incident,app-corporat-07,893387f59d76be4111a1edf048e0a384,Related CI,2026-05-27 11:23:57,2026-06-16 12:30:44,ServiceNow,IT Service Management,ServiceNow IT Service Management,synthetic-servicenow,synthetic-demo,Change,All_Changes,change,updated,relationship,app-corporat-07,893387f59d76be4111a1edf048e0a384,Related CI,incident,Related CI,INC0010078,success,servicenow,servicenow,app-corporat-07,app-corporat-07,INC0010078,incident,incident
5f21ae3843eb76b6fc931160fc415feb,INC0010079,e807b51ba5009186f8fa9f5a661181af,incident,app-erp-fina-38,291715e5e2ad5712395de74d7412827b,Affected CI,2026-07-13 05:09:53,2026-06-16 13:16:54,ServiceNow,IT Service Management,ServiceNow IT Service Management,synthetic-servicenow,synthetic-demo,Change,All_Changes,change,updated,relationship,app-erp-fina-38,291715e5e2ad5712395de74d7412827b,Affected CI,incident,Affected CI,INC0010079,success,servicenow,servicenow,app-erp-fina-38,app-erp-fina-38,INC0010079,incident,incident
f8154d23f5929846c244137d70a6e239,INC0010080,7955ffd3c14956dbfd90900555ffd36e,incident,app-email-an-19,f5a1f71df145f7a6d2b42018d8217ea1,Affected CI,2026-06-06 00:26:18,2026-07-02 20:19:12,ServiceNow,IT Service Management,ServiceNow IT Service Management,synthetic-servicenow,synthetic-demo,Change,All_Changes,change,updated,relationship,app-email-an-19,f5a1f71df145f7a6d2b42018d8217ea1,Affected CI,incident,Affected CI,INC0010080,success,servicenow,servicenow,app-email-an-19,app-email-an-19,INC0010080,incident,incident
66ee89863fd615988e36ad0bd600fe00,INC0010081,fccd289615acfc85ff7cde745b80c291,incident,web-customer-23,c7df96e9605e8eabb94a8771923912d5,Affected CI,2026-05-02 13:51:09,2026-07-12 13:17:59,ServiceNow,IT Service Management,ServiceNow IT Service Management,synthetic-servicenow,synthetic-demo,Change,All_Changes,change,updated,relationship,web-customer-23,c7df96e9605e8eabb94a8771923912d5,Affected CI,incident,Affected CI,INC0010081,success,servicenow,servicenow,web-customer-23,web-customer-23,INC0010081,incident,incident
59a0e90aa6c8866ad18587ea1ff650d5,INC0010082,1cdc3d5029e00c9180d99de869bd25c7,incident,prd-sql-pay-02,a0dfc1835a7503b94937e93261c33728,Affected CI,2026-07-14 05:39:50,2026-06-28 11:37:22,ServiceNow,IT Service Management,ServiceNow IT Service Management,synthetic-servicenow,synthetic-demo,Change,All_Changes,change,updated,relationship,prd-sql-pay-02,a0dfc1835a7503b94937e93261c33728,Affected CI,incident,Affected CI,INC0010082,success,servicenow,servicenow,prd-sql-pay-02,prd-sql-pay-02,INC0010082,incident,incident
0c1226e9f3e38508d22a406724b578dd,INC0010083,199d0996cac83f5a7465c0919cb60561,incident,web-card-pro-36,c5bfb8e82bf24f85560f8f4d1942dce4,Affected CI,2026-05-15 04:03:46,2026-06-24 00:51:40,ServiceNow,IT Service Management,ServiceNow IT Service Management,synthetic-servicenow,synthetic-demo,Change,All_Changes,change,updated,relationship,web-card-pro-36,c5bfb8e82bf24f85560f8f4d1942dce4,Affected CI,incident,Affected CI,INC0010083,success,servicenow,servicenow,web-card-pro-36,web-card-pro-36,INC0010083,incident,incident
32385e8837f02221ebed891491b1fafe,INC0010084,c922ef63f6ab6927f78c7f09dc71cd41,incident,app-customer-03,8bde90965ca95fd49a91cc8265f1ce91,Affected CI,2026-05-19 13:31:07,2026-07-05 16:54:35,ServiceNow,IT Service Management,ServiceNow IT Service Management,synthetic-servicenow,synthetic-demo,Change,All_Changes,change,updated,relationship,app-customer-03,8bde90965ca95fd49a91cc8265f1ce91,Affected CI,incident,Affected CI,INC0010084,success,servicenow,servicenow,app-customer-03,app-customer-03,INC0010084,incident,incident
c4042e27a471dad2ded9409d3189f18c,INC0010085,12e0fea4b000b2e625f7abec099ebcab,incident,web-payments-40,b42ec55fad025990d7f0c7eecb6da23e,Affected CI,2026-06-17 17:00:27,2026-07-10 14:08:20,ServiceNow,IT Service Management,ServiceNow IT Service Management,synthetic-servicenow,synthetic-demo,Change,All_Changes,change,updated,relationship,web-payments-40,b42ec55fad025990d7f0c7eecb6da23e,Affected CI,incident,Affected CI,INC0010085,success,servicenow,servicenow,web-payments-40,web-payments-40,INC0010085,incident,incident
eb1e72902a114edd7555bb70d7aaf385,INC0010086,0df9e7de501b22881923c28ba2824eb1,incident,app-customer-03,8bde90965ca95fd49a91cc8265f1ce91,Affected CI,2026-04-26 22:59:17,2026-07-04 14:59:36,ServiceNow,IT Service Management,ServiceNow IT Service Management,synthetic-servicenow,synthetic-demo,Change,All_Changes,change,updated,relationship,app-customer-03,8bde90965ca95fd49a91cc8265f1ce91,Affected CI,incident,Affected CI,INC0010086,success,servicenow,servicenow,app-customer-03,app-customer-03,INC0010086,incident,incident
626e6a904ccacfe6fcccacf54f68aca0,INC0010087,c773ad2fcbd3cbcdc5d63f5862b702fe,incident,mail-edge-01,c4ef9902012b16477288a947e42f2778,Affected CI,2026-06-17 23:31:09,2026-06-27 16:33:35,ServiceNow,IT Service Management,ServiceNow IT Service Management,synthetic-servicenow,synthetic-demo,Change,All_Changes,change,updated,relationship,mail-edge-01,c4ef9902012b16477288a947e42f2778,Affected CI,incident,Affected CI,INC0010087,success,servicenow,servicenow,mail-edge-01,mail-edge-01,INC0010087,incident,incident
c132acfd820bf999befdc81b223a2993,INC0010088,189b3078a66d20a79475ae02368ddbed,incident,prd-sql-pay-02,a0dfc1835a7503b94937e93261c33728,Affected CI,2026-06-15 18:33:45,2026-06-22 06:48:07,ServiceNow,IT Service Management,ServiceNow IT Service Management,synthetic-servicenow,synthetic-demo,Change,All_Changes,change,updated,relationship,prd-sql-pay-02,a0dfc1835a7503b94937e93261c33728,Affected CI,incident,Affected CI,INC0010088,success,servicenow,servicenow,prd-sql-pay-02,prd-sql-pay-02,INC0010088,incident,incident
6eaa86eaddf76e5831eb814ad516787e,INC0010088,189b3078a66d20a79475ae02368ddbed,incident,app-customer-03,8bde90965ca95fd49a91cc8265f1ce91,Related CI,2026-05-01 08:21:57,2026-07-02 06:35:24,ServiceNow,IT Service Management,ServiceNow IT Service Management,synthetic-servicenow,synthetic-demo,Change,All_Changes,change,updated,relationship,app-customer-03,8bde90965ca95fd49a91cc8265f1ce91,Related CI,incident,Related CI,INC0010088,success,servicenow,servicenow,app-customer-03,app-customer-03,INC0010088,incident,incident
fccb027e380bc498a7b31374ad2cad8a,INC0010089,f7c89aa00a21bcc05f27972edc934bf0,incident,lt-corporat-33,04bd1a7a479b2dd5696b9afcd2bb12f0,Affected CI,2026-06-29 15:15:47,2026-07-09 14:44:33,ServiceNow,IT Service Management,ServiceNow IT Service Management,synthetic-servicenow,synthetic-demo,Change,All_Changes,change,updated,relationship,lt-corporat-33,04bd1a7a479b2dd5696b9afcd2bb12f0,Affected CI,incident,Affected CI,INC0010089,success,servicenow,servicenow,lt-corporat-33,lt-corporat-33,INC0010089,incident,incident
1caf26ca9566f28cfdd9d00918b43790,INC0010090,db90a96696cbbe43663fec984a12715d,incident,app-claims-p-20,0e79b2656965311fb4ce4d6779cbd17e,Affected CI,2026-06-15 07:49:17,2026-06-14 20:34:23,ServiceNow,IT Service Management,ServiceNow IT Service Management,synthetic-servicenow,synthetic-demo,Change,All_Changes,change,updated,relationship,app-claims-p-20,0e79b2656965311fb4ce4d6779cbd17e,Affected CI,incident,Affected CI,INC0010090,success,servicenow,servicenow,app-claims-p-20,app-claims-p-20,INC0010090,incident,incident
fb65bef9b5eabd5e51915027ea933dc6,INC0010091,e4dc51f3eacd0f1b3e2b1cd5c85ec4a7,incident,lt-data-war-34,14df9ca44d012942a311510c1de78da3,Affected CI,2026-04-19 13:24:03,2026-07-04 00:44:43,ServiceNow,IT Service Management,ServiceNow IT Service Management,synthetic-servicenow,synthetic-demo,Change,All_Changes,change,updated,relationship,lt-data-war-34,14df9ca44d012942a311510c1de78da3,Affected CI,incident,Affected CI,INC0010091,success,servicenow,servicenow,lt-data-war-34,lt-data-war-34,INC0010091,incident,incident
2667f77ff0f02d7fbeefafeb020cdf75,INC0010092,9b5487785b7062f287de79a3d7cc43c7,incident,dw-etl-01,63917d58f9aa5a1ed5a9470f082986c6,Affected CI,2026-06-22 21:38:09,2026-06-20 00:27:54,ServiceNow,IT Service Management,ServiceNow IT Service Management,synthetic-servicenow,synthetic-demo,Change,All_Changes,change,updated,relationship,dw-etl-01,63917d58f9aa5a1ed5a9470f082986c6,Affected CI,incident,Affected CI,INC0010092,success,servicenow,servicenow,dw-etl-01,dw-etl-01,INC0010092,incident,incident
d148752368d462c277c9d63e4200466a,INC0010093,be850bc28b772fecace0411ebb84787c,incident,lt-card-pro-31,64ff57e0340f216af7d59d2893c540e9,Affected CI,2026-04-18 13:33:37,2026-06-29 17:59:34,ServiceNow,IT Service Management,ServiceNow IT Service Management,synthetic-servicenow,synthetic-demo,Change,All_Changes,change,updated,relationship,lt-card-pro-31,64ff57e0340f216af7d59d2893c540e9,Affected CI,incident,Affected CI,INC0010093,success,servicenow,servicenow,lt-card-pro-31,lt-card-pro-31,INC0010093,incident,incident
73d41fb1c0a295efe9cfcb0dd72d3e40,INC0010094,28bfc877bfab64b6d34e215e86486c8c,incident,app-erp-fina-38,291715e5e2ad5712395de74d7412827b,Affected CI,2026-06-29 10:14:19,2026-06-23 02:29:47,ServiceNow,IT Service Management,ServiceNow IT Service Management,synthetic-servicenow,synthetic-demo,Change,All_Changes,change,updated,relationship,app-erp-fina-38,291715e5e2ad5712395de74d7412827b,Affected CI,incident,Affected CI,INC0010094,success,servicenow,servicenow,app-erp-fina-38,app-erp-fina-38,INC0010094,incident,incident
afad88b26e4e8ef54acdbe3dc6912f62,INC0010095,b3b765da1357bf739da77c1aa45a705d,incident,app-card-pro-32,ff37d071384e9a93afad4b7b56241642,Affected CI,2026-05-08 06:16:09,2026-06-29 10:46:16,ServiceNow,IT Service Management,ServiceNow IT Service Management,synthetic-servicenow,synthetic-demo,Change,All_Changes,change,updated,relationship,app-card-pro-32,ff37d071384e9a93afad4b7b56241642,Affected CI,incident,Affected CI,INC0010095,success,servicenow,servicenow,app-card-pro-32,app-card-pro-32,INC0010095,incident,incident
c6893aeb84d12c78b487f340dc05cbc7,INC0010096,d41101ec93f1459360f59f0a64eb17f0,incident,web-data-war-14,a054a2ebbb79e0a91706d8bd71530456,Affected CI,2026-07-12 06:38:05,2026-07-06 18:32:01,ServiceNow,IT Service Management,ServiceNow IT Service Management,synthetic-servicenow,synthetic-demo,Change,All_Changes,change,updated,relationship,web-data-war-14,a054a2ebbb79e0a91706d8bd71530456,Affected CI,incident,Affected CI,INC0010096,success,servicenow,servicenow,web-data-war-14,web-data-war-14,INC0010096,incident,incident
032dfd524bdb2804b964e0762f6c6812,INC0010097,904dae90772959d5b32f89a753f2958b,incident,web-card-pro-39,fd9033d5850b2390b6d2ce2995c2c8f5,Affected CI,2026-06-23 20:04:19,2026-06-16 01:06:48,ServiceNow,IT Service Management,ServiceNow IT Service Management,synthetic-servicenow,synthetic-demo,Change,All_Changes,change,updated,relationship,web-card-pro-39,fd9033d5850b2390b6d2ce2995c2c8f5,Affected CI,incident,Affected CI,INC0010097,success,servicenow,servicenow,web-card-pro-39,web-card-pro-39,INC0010097,incident,incident
0e681b98a29480201ea410cd800d6ff2,INC0010098,03b918ef4f577617a8ac72af037d3f39,incident,lt-card-pro-31,64ff57e0340f216af7d59d2893c540e9,Affected CI,2026-06-02 15:35:45,2026-06-30 01:20:24,ServiceNow,IT Service Management,ServiceNow IT Service Management,synthetic-servicenow,synthetic-demo,Change,All_Changes,change,updated,relationship,lt-card-pro-31,64ff57e0340f216af7d59d2893c540e9,Affected CI,incident,Affected CI,INC0010098,success,servicenow,servicenow,lt-card-pro-31,lt-card-pro-31,INC0010098,incident,incident
386e518d3131e7101c62d81adcc39697,INC0010098,03b918ef4f577617a8ac72af037d3f39,incident,job-customer-25,c1ef67fd0e23e6accb2281f890988a66,Related CI,2026-06-10 07:54:47,2026-06-26 02:34:53,ServiceNow,IT Service Management,ServiceNow IT Service Management,synthetic-servicenow,synthetic-demo,Change,All_Changes,change,updated,relationship,job-customer-25,c1ef67fd0e23e6accb2281f890988a66,Related CI,incident,Related CI,INC0010098,success,servicenow,servicenow,job-customer-25,job-customer-25,INC0010098,incident,incident
0e135fa93ffb12c1be2f2510aa19af55,INC0010099,4a9716de6b26c1081fce666de7353fc5,incident,prd-sql-pay-01,b46f6537e400dc13f571a44c9b215ef0,Affected CI,2026-06-04 08:02:28,2026-06-19 17:50:35,ServiceNow,IT Service Management,ServiceNow IT Service Management,synthetic-servicenow,synthetic-demo,Change,All_Changes,change,updated,relationship,prd-sql-pay-01,b46f6537e400dc13f571a44c9b215ef0,Affected CI,incident,Affected CI,INC0010099,success,servicenow,servicenow,prd-sql-pay-01,prd-sql-pay-01,INC0010099,incident,incident
e071d36d3017044b248c3e3a7dc7ffb3,INC0010100,3e3bc8affefd4ac9f6db2629e4a3b11c,incident,web-claims-p-37,c1702051b29592a20e86611e44c20223,Affected CI,2026-05-05 19:46:25,2026-06-21 22:14:54,ServiceNow,IT Service Management,ServiceNow IT Service Management,synthetic-servicenow,synthetic-demo,Change,All_Changes,change,updated,relationship,web-claims-p-37,c1702051b29592a20e86611e44c20223,Affected CI,incident,Affected CI,INC0010100,success,servicenow,servicenow,web-claims-p-37,web-claims-p-37,INC0010100,incident,incident
ffdaa7c791fc3e944c426efd76ac9a2b,INC0010101,74dfc64ad09d30060d87f2d07cef35b6,incident,app-customer-03,8bde90965ca95fd49a91cc8265f1ce91,Affected CI,2026-06-25 13:09:05,2026-06-14 01:00:36,ServiceNow,IT Service Management,ServiceNow IT Service Management,synthetic-servicenow,synthetic-demo,Change,All_Changes,change,updated,relationship,app-customer-03,8bde90965ca95fd49a91cc8265f1ce91,Affected CI,incident,Affected CI,INC0010101,success,servicenow,servicenow,app-customer-03,app-customer-03,INC0010101,incident,incident
79fffb7b5180c98b1ca03515cd4e0307,INC0010102,7552901256e681b625bdefed29e3b845,incident,web-manufact-35,d064fa56251693e20ba2600b31fb0eef,Affected CI,2026-04-30 13:25:29,2026-07-01 15:20:08,ServiceNow,IT Service Management,ServiceNow IT Service Management,synthetic-servicenow,synthetic-demo,Change,All_Changes,change,updated,relationship,web-manufact-35,d064fa56251693e20ba2600b31fb0eef,Affected CI,incident,Affected CI,INC0010102,success,servicenow,servicenow,web-manufact-35,web-manufact-35,INC0010102,incident,incident
614fa8557af427fe05a07099a5107286,INC0010103,0ec591366a7d156df10538bf97cd7b78,incident,web-card-pro-36,c5bfb8e82bf24f85560f8f4d1942dce4,Affected CI,2026-05-21 17:51:34,2026-07-11 13:27:18,ServiceNow,IT Service Management,ServiceNow IT Service Management,synthetic-servicenow,synthetic-demo,Change,All_Changes,change,updated,relationship,web-card-pro-36,c5bfb8e82bf24f85560f8f4d1942dce4,Affected CI,incident,Affected CI,INC0010103,success,servicenow,servicenow,web-card-pro-36,web-card-pro-36,INC0010103,incident,incident
4c6cb43836bd8591717414a1235908c2,INC0010104,1f3c164a78951fc0db65de35ff367bfb,incident,job-erp-fina-15,57a5c1e9a981ff9cc122a43e1b1102e0,Affected CI,2026-05-27 03:53:57,2026-07-07 00:27:26,ServiceNow,IT Service Management,ServiceNow IT Service Management,synthetic-servicenow,synthetic-demo,Change,All_Changes,change,updated,relationship,job-erp-fina-15,57a5c1e9a981ff9cc122a43e1b1102e0,Affected CI,incident,Affected CI,INC0010104,success,servicenow,servicenow,job-erp-fina-15,job-erp-fina-15,INC0010104,incident,incident
982e8c8e719e04f1df9c9b85bf202ed5,INC0010105,3f42b49d8f04b946b9b0b66d826d7cee,incident,prd-pay-api-02,6f88d5919c6abcfd31a28213f67e3650,Affected CI,2026-05-01 07:58:02,2026-07-13 22:08:39,ServiceNow,IT Service Management,ServiceNow IT Service Management,synthetic-servicenow,synthetic-demo,Change,All_Changes,change,updated,relationship,prd-pay-api-02,6f88d5919c6abcfd31a28213f67e3650,Affected CI,incident,Affected CI,INC0010105,success,servicenow,servicenow,prd-pay-api-02,prd-pay-api-02,INC0010105,incident,incident
0ff4e0a411a3766037cd292dcc49fd44,INC0010106,eef2b1ca9e1e706e220b09cf7dc89c01,incident,idp-prd-01,46c3c0bb7f6c8c28c4507ffb8fd5c53b,Affected CI,2026-07-03 17:23:44,2026-07-01 19:16:54,ServiceNow,IT Service Management,ServiceNow IT Service Management,synthetic-servicenow,synthetic-demo,Change,All_Changes,change,updated,relationship,idp-prd-01,46c3c0bb7f6c8c28c4507ffb8fd5c53b,Affected CI,incident,Affected CI,INC0010106,success,servicenow,servicenow,idp-prd-01,idp-prd-01,INC0010106,incident,incident
f26bec4a13b4f19ee88203f81948380e,INC0010107,96bc376d750f0250e17fd5868f22902b,incident,prd-pay-api-02,6f88d5919c6abcfd31a28213f67e3650,Affected CI,2026-07-09 08:09:22,2026-06-30 23:03:04,ServiceNow,IT Service Management,ServiceNow IT Service Management,synthetic-servicenow,synthetic-demo,Change,All_Changes,change,updated,relationship,prd-pay-api-02,6f88d5919c6abcfd31a28213f67e3650,Affected CI,incident,Affected CI,INC0010107,success,servicenow,servicenow,prd-pay-api-02,prd-pay-api-02,INC0010107,incident,incident
3180b6405c29a5eaefe2ab5478354dca,INC0010108,cf8bc35bb59a955784fff347a92a9021,incident,job-customer-25,c1ef67fd0e23e6accb2281f890988a66,Affected CI,2026-05-04 22:35:39,2026-07-08 17:46:01,ServiceNow,IT Service Management,ServiceNow IT Service Management,synthetic-servicenow,synthetic-demo,Change,All_Changes,change,updated,relationship,job-customer-25,c1ef67fd0e23e6accb2281f890988a66,Affected CI,incident,Affected CI,INC0010108,success,servicenow,servicenow,job-customer-25,job-customer-25,INC0010108,incident,incident
03688e2f52477d860ac38b2e4f560edd,INC0010109,781ebb1db35542bde6f5e53a699a005b,incident,web-card-pro-36,c5bfb8e82bf24f85560f8f4d1942dce4,Affected CI,2026-05-03 14:33:48,2026-06-22 06:06:19,ServiceNow,IT Service Management,ServiceNow IT Service Management,synthetic-servicenow,synthetic-demo,Change,All_Changes,change,updated,relationship,web-card-pro-36,c5bfb8e82bf24f85560f8f4d1942dce4,Affected CI,incident,Affected CI,INC0010109,success,servicenow,servicenow,web-card-pro-36,web-card-pro-36,INC0010109,incident,incident
1d3686475b6ef2ac410a4e56244ea1ac,INC0010110,997e880fd69e3ebec00065f77a780f3f,incident,web-online-b-24,c6f3c5f354d54abb786380dbf66037ae,Affected CI,2026-07-07 10:59:15,2026-06-24 03:43:15,ServiceNow,IT Service Management,ServiceNow IT Service Management,synthetic-servicenow,synthetic-demo,Change,All_Changes,change,updated,relationship,web-online-b-24,c6f3c5f354d54abb786380dbf66037ae,Affected CI,incident,Affected CI,INC0010110,success,servicenow,servicenow,web-online-b-24,web-online-b-24,INC0010110,incident,incident
86e59fea8f4e1091b1b45d01ee32a2fb,INC0010111,d3fee44756c0d994c4ded02f7d7bf035,incident,lt-erp-fina-06,64ed079b57c5ed2020d0ec2042650e54,Affected CI,2026-04-20 07:47:58,2026-06-16 19:10:23,ServiceNow,IT Service Management,ServiceNow IT Service Management,synthetic-servicenow,synthetic-demo,Change,All_Changes,change,updated,relationship,lt-erp-fina-06,64ed079b57c5ed2020d0ec2042650e54,Affected CI,incident,Affected CI,INC0010111,success,servicenow,servicenow,lt-erp-fina-06,lt-erp-fina-06,INC0010111,incident,incident
9a5479618a578eff380e11bf01d461cd,INC0010112,3ba7788349f1af204ebafcf1b5c09583,incident,app-data-war-22,8063ba03b3abb3947ffd7697f2f18f65,Affected CI,2026-04-17 23:36:17,2026-06-21 06:56:29,ServiceNow,IT Service Management,ServiceNow IT Service Management,synthetic-servicenow,synthetic-demo,Change,All_Changes,change,updated,relationship,app-data-war-22,8063ba03b3abb3947ffd7697f2f18f65,Affected CI,incident,Affected CI,INC0010112,success,servicenow,servicenow,app-data-war-22,app-data-war-22,INC0010112,incident,incident
b4b4e788c0254d251374c858c9194cbb,INC0010113,2b6f0155c1410802a7cfbb0e2498d6cf,incident,db-security-08,fda2c22089df0ba31c1fd81c3f2847be,Affected CI,2026-06-02 07:33:37,2026-06-24 15:20:03,ServiceNow,IT Service Management,ServiceNow IT Service Management,synthetic-servicenow,synthetic-demo,Change,All_Changes,change,updated,relationship,db-security-08,fda2c22089df0ba31c1fd81c3f2847be,Affected CI,incident,Affected CI,INC0010113,success,servicenow,servicenow,db-security-08,db-security-08,INC0010113,incident,incident
1a3dea7c663bb5b7c202abdbe13a7236,INC0010114,657020bfefbfe5dfb266365e537e1c58,incident,mes-hmi-07,888c8c94b86dc1fa33058ab512032693,Affected CI,2026-07-01 02:56:18,2026-06-26 14:38:02,ServiceNow,IT Service Management,ServiceNow IT Service Management,synthetic-servicenow,synthetic-demo,Change,All_Changes,change,updated,relationship,mes-hmi-07,888c8c94b86dc1fa33058ab512032693,Affected CI,incident,Affected CI,INC0010114,success,servicenow,servicenow,mes-hmi-07,mes-hmi-07,INC0010114,incident,incident
7254645d29b411d5ed966a3167f20040,INC0010115,bc731b8a669441c35c61aa49d7bbab05,incident,vpn-gw-01,edb61dbbc54f635f96974ee013a83cfd,Affected CI,2026-06-10 01:54:45,2026-06-22 15:17:15,ServiceNow,IT Service Management,ServiceNow IT Service Management,synthetic-servicenow,synthetic-demo,Change,All_Changes,change,updated,relationship,vpn-gw-01,edb61dbbc54f635f96974ee013a83cfd,Affected CI,incident,Affected CI,INC0010115,success,servicenow,servicenow,vpn-gw-01,vpn-gw-01,INC0010115,incident,incident
c957f3935d79cf750a2f4236eb9d7bd9,INC0010116,072704310bfb595999391913e91aa227,incident,web-manufact-35,d064fa56251693e20ba2600b31fb0eef,Affected CI,2026-05-09 03:55:52,2026-06-29 15:11:36,ServiceNow,IT Service Management,ServiceNow IT Service Management,synthetic-servicenow,synthetic-demo,Change,All_Changes,change,updated,relationship,web-manufact-35,d064fa56251693e20ba2600b31fb0eef,Affected CI,incident,Affected CI,INC0010116,success,servicenow,servicenow,web-manufact-35,web-manufact-35,INC0010116,incident,incident
b69cf042d88cc687b391327a9463574f,INC0010117,e320c4430d0ba050cfcc0bd0c34ae003,incident,web-manufact-01,a33005b4d1ae1782797b943ab95ef79c,Affected CI,2026-06-05 18:14:42,2026-07-12 07:02:08,ServiceNow,IT Service Management,ServiceNow IT Service Management,synthetic-servicenow,synthetic-demo,Change,All_Changes,change,updated,relationship,web-manufact-01,a33005b4d1ae1782797b943ab95ef79c,Affected CI,incident,Affected CI,INC0010117,success,servicenow,servicenow,web-manufact-01,web-manufact-01,INC0010117,incident,incident
3c68487b8862abb30f775d1efd336a18,INC0010118,82fba1d4f06d46e8ab458a2adadd8819,incident,web-customer-23,c7df96e9605e8eabb94a8771923912d5,Affected CI,2026-05-07 02:05:57,2026-06-18 10:00:38,ServiceNow,IT Service Management,ServiceNow IT Service Management,synthetic-servicenow,synthetic-demo,Change,All_Changes,change,updated,relationship,web-customer-23,c7df96e9605e8eabb94a8771923912d5,Affected CI,incident,Affected CI,INC0010118,success,servicenow,servicenow,web-customer-23,web-customer-23,INC0010118,incident,incident
c27d08a7b051413a214bce5460847806,INC0010118,82fba1d4f06d46e8ab458a2adadd8819,incident,lt-card-pro-31,64ff57e0340f216af7d59d2893c540e9,Related CI,2026-06-24 10:22:31,2026-06-25 11:00:50,ServiceNow,IT Service Management,ServiceNow IT Service Management,synthetic-servicenow,synthetic-demo,Change,All_Changes,change,updated,relationship,lt-card-pro-31,64ff57e0340f216af7d59d2893c540e9,Related CI,incident,Related CI,INC0010118,success,servicenow,servicenow,lt-card-pro-31,lt-card-pro-31,INC0010118,incident,incident
ca7453caabd9555b2ea17e664539f721,INC0010119,0c17e61bb4db77f11ba2e487711f8d27,incident,app-corporat-07,893387f59d76be4111a1edf048e0a384,Affected CI,2026-06-20 03:52:00,2026-07-07 04:45:41,ServiceNow,IT Service Management,ServiceNow IT Service Management,synthetic-servicenow,synthetic-demo,Change,All_Changes,change,updated,relationship,app-corporat-07,893387f59d76be4111a1edf048e0a384,Affected CI,incident,Affected CI,INC0010119,success,servicenow,servicenow,app-corporat-07,app-corporat-07,INC0010119,incident,incident
80354d7e9f337a7935bf1e76888eebeb,INC0010120,541decdfc3ead2ad15c0325e9d085365,incident,web-card-pro-39,fd9033d5850b2390b6d2ce2995c2c8f5,Affected CI,2026-04-17 15:56:21,2026-06-30 16:47:14,ServiceNow,IT Service Management,ServiceNow IT Service Management,synthetic-servicenow,synthetic-demo,Change,All_Changes,change,updated,relationship,web-card-pro-39,fd9033d5850b2390b6d2ce2995c2c8f5,Affected CI,incident,Affected CI,INC0010120,success,servicenow,servicenow,web-card-pro-39,web-card-pro-39,INC0010120,incident,incident
1fb37d77802d4ed3086bb6e7029d5123,INC0010121,80ebf94e9efe802a3ab0c28af967c2c3,incident,job-email-an-27,31babf6cd0ac5fec529e644c7de30552,Affected CI,2026-04-27 05:06:17,2026-07-01 07:03:30,ServiceNow,IT Service Management,ServiceNow IT Service Management,synthetic-servicenow,synthetic-demo,Change,All_Changes,change,updated,relationship,job-email-an-27,31babf6cd0ac5fec529e644c7de30552,Affected CI,incident,Affected CI,INC0010121,success,servicenow,servicenow,job-email-an-27,job-email-an-27,INC0010121,incident,incident
bce3ffcd5ecc86bf7fa20ee75bb34184,INC0010122,14198080d2ee89777ae18241912037c8,incident,claims-web-03,8aa67e00ef7e5e5281d8ef6cb76f987c,Affected CI,2026-04-30 10:08:48,2026-06-21 03:33:46,ServiceNow,IT Service Management,ServiceNow IT Service Management,synthetic-servicenow,synthetic-demo,Change,All_Changes,change,updated,relationship,claims-web-03,8aa67e00ef7e5e5281d8ef6cb76f987c,Affected CI,incident,Affected CI,INC0010122,success,servicenow,servicenow,claims-web-03,claims-web-03,INC0010122,incident,incident
fd024da5091e86c31fc6cdf501ef43d0,INC0010123,4acdafe251f25ae5106cecadcdd618bf,incident,web-claims-p-37,c1702051b29592a20e86611e44c20223,Affected CI,2026-06-03 11:57:33,2026-07-14 13:22:24,ServiceNow,IT Service Management,ServiceNow IT Service Management,synthetic-servicenow,synthetic-demo,Change,All_Changes,change,updated,relationship,web-claims-p-37,c1702051b29592a20e86611e44c20223,Affected CI,incident,Affected CI,INC0010123,success,servicenow,servicenow,web-claims-p-37,web-claims-p-37,INC0010123,incident,incident
7cab16f631fd5914876ff007bc6d14d2,INC0010124,b93fef5fa7e8ebe9fae8b4dd58fc5aa6,incident,waf-edge-02,845afaca9bb03648b7986a5f0c89b163,Affected CI,2026-04-28 11:00:59,2026-06-14 20:35:19,ServiceNow,IT Service Management,ServiceNow IT Service Management,synthetic-servicenow,synthetic-demo,Change,All_Changes,change,updated,relationship,waf-edge-02,845afaca9bb03648b7986a5f0c89b163,Affected CI,incident,Affected CI,INC0010124,success,servicenow,servicenow,waf-edge-02,waf-edge-02,INC0010124,incident,incident
36214fb743423325258ed9d2d8210fa5,INC0010125,6b430234bbfaf95fa40997f0d737ed4d,incident,web-card-pro-21,316c7bc46c052640dbd2bc9e39b76fa3,Affected CI,2026-05-11 10:38:47,2026-06-16 22:44:03,ServiceNow,IT Service Management,ServiceNow IT Service Management,synthetic-servicenow,synthetic-demo,Change,All_Changes,change,updated,relationship,web-card-pro-21,316c7bc46c052640dbd2bc9e39b76fa3,Affected CI,incident,Affected CI,INC0010125,success,servicenow,servicenow,web-card-pro-21,web-card-pro-21,INC0010125,incident,incident
44c72ae94a8c1d121c433cb73c6b32da,INC0010126,60b7914058925f1e242b08f739b54ce5,incident,mes-hmi-07,888c8c94b86dc1fa33058ab512032693,Affected CI,2026-05-10 01:30:09,2026-06-29 05:36:33,ServiceNow,IT Service Management,ServiceNow IT Service Management,synthetic-servicenow,synthetic-demo,Change,All_Changes,change,updated,relationship,mes-hmi-07,888c8c94b86dc1fa33058ab512032693,Affected CI,incident,Affected CI,INC0010126,success,servicenow,servicenow,mes-hmi-07,mes-hmi-07,INC0010126,incident,incident
0b6d9b6ae6d60d3990a85fab8a3b6975,INC0010127,be0c3eedcaf5c0fe9e4317b6b338145d,incident,node-erp-fina-02,35a4b1f034554719b9c267dc082d7dcf,Affected CI,2026-06-17 12:16:41,2026-07-08 22:05:04,ServiceNow,IT Service Management,ServiceNow IT Service Management,synthetic-servicenow,synthetic-demo,Change,All_Changes,change,updated,relationship,node-erp-fina-02,35a4b1f034554719b9c267dc082d7dcf,Affected CI,incident,Affected CI,INC0010127,success,servicenow,servicenow,node-erp-fina-02,node-erp-fina-02,INC0010127,incident,incident
488c14c8785a841e8cdc48eb954c5e6d,INC0010128,ce971ba34b221d4baea3e864a0c76b4f,incident,app-claims-p-20,0e79b2656965311fb4ce4d6779cbd17e,Affected CI,2026-05-12 18:20:12,2026-06-15 04:31:38,ServiceNow,IT Service Management,ServiceNow IT Service Management,synthetic-servicenow,synthetic-demo,Change,All_Changes,change,updated,relationship,app-claims-p-20,0e79b2656965311fb4ce4d6779cbd17e,Affected CI,incident,Affected CI,INC0010128,success,servicenow,servicenow,app-claims-p-20,app-claims-p-20,INC0010128,incident,incident
497b9de88969c225055978704eb79891,INC0010129,1fbfc8fbccbb8c490dc7c8175b7de3ee,incident,siem-hf-01,4503e1a3412af6383866d9ce54e99239,Affected CI,2026-04-28 16:16:06,2026-06-20 13:18:16,ServiceNow,IT Service Management,ServiceNow IT Service Management,synthetic-servicenow,synthetic-demo,Change,All_Changes,change,updated,relationship,siem-hf-01,4503e1a3412af6383866d9ce54e99239,Affected CI,incident,Affected CI,INC0010129,success,servicenow,servicenow,siem-hf-01,siem-hf-01,INC0010129,incident,incident
5c91d500f7667ca8deb65ee5a92ded24,INC0010130,1a9cbf4da105b58f8bf762bc8eeafbdb,incident,web-data-war-14,a054a2ebbb79e0a91706d8bd71530456,Affected CI,2026-07-13 02:02:59,2026-06-28 16:01:21,ServiceNow,IT Service Management,ServiceNow IT Service Management,synthetic-servicenow,synthetic-demo,Change,All_Changes,change,updated,relationship,web-data-war-14,a054a2ebbb79e0a91706d8bd71530456,Affected CI,incident,Affected CI,INC0010130,success,servicenow,servicenow,web-data-war-14,web-data-war-14,INC0010130,incident,incident
a62125382b26488e101d488f0c75dc6f,INC0010131,18dee929080cd8239371f9db02a2ee08,incident,mes-hmi-07,888c8c94b86dc1fa33058ab512032693,Affected CI,2026-05-07 00:10:18,2026-06-21 00:45:31,ServiceNow,IT Service Management,ServiceNow IT Service Management,synthetic-servicenow,synthetic-demo,Change,All_Changes,change,updated,relationship,mes-hmi-07,888c8c94b86dc1fa33058ab512032693,Affected CI,incident,Affected CI,INC0010131,success,servicenow,servicenow,mes-hmi-07,mes-hmi-07,INC0010131,incident,incident
bd5878d3f5647f965e06e1168d82740d,INC0010132,d2cf7753266f20b3bfb2a5d3079a1c94,incident,waf-edge-02,845afaca9bb03648b7986a5f0c89b163,Affected CI,2026-05-04 20:47:41,2026-06-27 01:35:59,ServiceNow,IT Service Management,ServiceNow IT Service Management,synthetic-servicenow,synthetic-demo,Change,All_Changes,change,updated,relationship,waf-edge-02,845afaca9bb03648b7986a5f0c89b163,Affected CI,incident,Affected CI,INC0010132,success,servicenow,servicenow,waf-edge-02,waf-edge-02,INC0010132,incident,incident
86adcdab6988ac5eaf3a18a6703cf12e,INC0010133,7d93aac0e2ebd8adb73f30cdffa8b56a,incident,app-corporat-07,893387f59d76be4111a1edf048e0a384,Affected CI,2026-05-23 10:15:20,2026-07-14 06:20:12,ServiceNow,IT Service Management,ServiceNow IT Service Management,synthetic-servicenow,synthetic-demo,Change,All_Changes,change,updated,relationship,app-corporat-07,893387f59d76be4111a1edf048e0a384,Affected CI,incident,Affected CI,INC0010133,success,servicenow,servicenow,app-corporat-07,app-corporat-07,INC0010133,incident,incident
9e3ea1c1a21674e63dd8263720dca462,INC0010134,2b071277aff70fe3d76a11eecb5a929d,incident,web-card-pro-21,316c7bc46c052640dbd2bc9e39b76fa3,Affected CI,2026-07-09 01:26:46,2026-07-11 14:45:59,ServiceNow,IT Service Management,ServiceNow IT Service Management,synthetic-servicenow,synthetic-demo,Change,All_Changes,change,updated,relationship,web-card-pro-21,316c7bc46c052640dbd2bc9e39b76fa3,Affected CI,incident,Affected CI,INC0010134,success,servicenow,servicenow,web-card-pro-21,web-card-pro-21,INC0010134,incident,incident
b7d85d8061d4da7ddbd4c49010f563fd,INC0010134,2b071277aff70fe3d76a11eecb5a929d,incident,app-corporat-10,5714f75abe26b9832727f263d4ca5746,Related CI,2026-06-09 19:48:37,2026-06-27 17:22:45,ServiceNow,IT Service Management,ServiceNow IT Service Management,synthetic-servicenow,synthetic-demo,Change,All_Changes,change,updated,relationship,app-corporat-10,5714f75abe26b9832727f263d4ca5746,Related CI,incident,Related CI,INC0010134,success,servicenow,servicenow,app-corporat-10,app-corporat-10,INC0010134,incident,incident
3e33a8047d785dac431b69bc379c482e,INC0010135,0fc17450181a123987921a85e045196d,incident,lt-data-war-34,14df9ca44d012942a311510c1de78da3,Affected CI,2026-05-01 01:45:25,2026-07-11 01:28:57,ServiceNow,IT Service Management,ServiceNow IT Service Management,synthetic-servicenow,synthetic-demo,Change,All_Changes,change,updated,relationship,lt-data-war-34,14df9ca44d012942a311510c1de78da3,Affected CI,incident,Affected CI,INC0010135,success,servicenow,servicenow,lt-data-war-34,lt-data-war-34,INC0010135,incident,incident
1e1569be818e7d93fa514b4acfea03c7,INC0010136,1d5dbb3aa6484b3f99988be0b3b23637,incident,app-data-war-22,8063ba03b3abb3947ffd7697f2f18f65,Affected CI,2026-05-16 01:29:15,2026-07-08 16:52:22,ServiceNow,IT Service Management,ServiceNow IT Service Management,synthetic-servicenow,synthetic-demo,Change,All_Changes,change,updated,relationship,app-data-war-22,8063ba03b3abb3947ffd7697f2f18f65,Affected CI,incident,Affected CI,INC0010136,success,servicenow,servicenow,app-data-war-22,app-data-war-22,INC0010136,incident,incident
dc86f87102ae003c9921f57e0388ae0e,INC0010137,7d5fd12658b2d3780d1e382cdda6877c,incident,app-claims-p-20,0e79b2656965311fb4ce4d6779cbd17e,Affected CI,2026-06-19 17:57:50,2026-07-07 19:33:52,ServiceNow,IT Service Management,ServiceNow IT Service Management,synthetic-servicenow,synthetic-demo,Change,All_Changes,change,updated,relationship,app-claims-p-20,0e79b2656965311fb4ce4d6779cbd17e,Affected CI,incident,Affected CI,INC0010137,success,servicenow,servicenow,app-claims-p-20,app-claims-p-20,INC0010137,incident,incident
0941eb1b5bee722b1b422bf9b617968b,INC0010138,9d9cde899a25d32852a4840d1d04c3bd,incident,waf-edge-02,845afaca9bb03648b7986a5f0c89b163,Affected CI,2026-07-08 10:43:24,2026-07-09 03:18:58,ServiceNow,IT Service Management,ServiceNow IT Service Management,synthetic-servicenow,synthetic-demo,Change,All_Changes,change,updated,relationship,waf-edge-02,845afaca9bb03648b7986a5f0c89b163,Affected CI,incident,Affected CI,INC0010138,success,servicenow,servicenow,waf-edge-02,waf-edge-02,INC0010138,incident,incident
c246b2a5fdc0b25f4cbaa631bea8eb58,INC0010138,9d9cde899a25d32852a4840d1d04c3bd,incident,dw-etl-01,63917d58f9aa5a1ed5a9470f082986c6,Related CI,2026-06-23 04:32:31,2026-07-01 11:35:37,ServiceNow,IT Service Management,ServiceNow IT Service Management,synthetic-servicenow,synthetic-demo,Change,All_Changes,change,updated,relationship,dw-etl-01,63917d58f9aa5a1ed5a9470f082986c6,Related CI,incident,Related CI,INC0010138,success,servicenow,servicenow,dw-etl-01,dw-etl-01,INC0010138,incident,incident
a78e65547ea98c9a3861e2d1065ee537,INC0010139,e904dd16a8e6f78c14e462c962ae2af5,incident,claims-web-03,8aa67e00ef7e5e5281d8ef6cb76f987c,Affected CI,2026-04-18 12:28:56,2026-07-14 18:45:01,ServiceNow,IT Service Management,ServiceNow IT Service Management,synthetic-servicenow,synthetic-demo,Change,All_Changes,change,updated,relationship,claims-web-03,8aa67e00ef7e5e5281d8ef6cb76f987c,Affected CI,incident,Affected CI,INC0010139,success,servicenow,servicenow,claims-web-03,claims-web-03,INC0010139,incident,incident
e3ecb04577c9c7d87ba62a427b46e781,INC0010140,243e1593249d5cd87120847c865addab,incident,web-card-pro-21,316c7bc46c052640dbd2bc9e39b76fa3,Affected CI,2026-06-30 03:12:25,2026-06-23 22:40:22,ServiceNow,IT Service Management,ServiceNow IT Service Management,synthetic-servicenow,synthetic-demo,Change,All_Changes,change,updated,relationship,web-card-pro-21,316c7bc46c052640dbd2bc9e39b76fa3,Affected CI,incident,Affected CI,INC0010140,success,servicenow,servicenow,web-card-pro-21,web-card-pro-21,INC0010140,incident,incident
e0ab4824d309ef402cc65c14d7e0334e,INC0010140,243e1593249d5cd87120847c865addab,incident,lt-card-pro-31,64ff57e0340f216af7d59d2893c540e9,Related CI,2026-05-20 22:58:10,2026-07-03 13:36:26,ServiceNow,IT Service Management,ServiceNow IT Service Management,synthetic-servicenow,synthetic-demo,Change,All_Changes,change,updated,relationship,lt-card-pro-31,64ff57e0340f216af7d59d2893c540e9,Related CI,incident,Related CI,INC0010140,success,servicenow,servicenow,lt-card-pro-31,lt-card-pro-31,INC0010140,incident,incident
5282f5c145632e3596bf4079b72711fc,INC0010141,801bfaa51ac61a5bcff040c897036787,incident,prd-pay-api-01,c118c7987f3ec387e7c8de061db00801,Affected CI,2026-04-21 23:37:45,2026-06-21 03:38:26,ServiceNow,IT Service Management,ServiceNow IT Service Management,synthetic-servicenow,synthetic-demo,Change,All_Changes,change,updated,relationship,prd-pay-api-01,c118c7987f3ec387e7c8de061db00801,Affected CI,incident,Affected CI,INC0010141,success,servicenow,servicenow,prd-pay-api-01,prd-pay-api-01,INC0010141,incident,incident
e66d1dae45030a9a3b4da26c0c2e851b,INC0010142,7fdfdd79c5b590d85feb67214fce6c62,incident,node-data-war-30,ad1baa598102461d2bed8e3a3e45fff0,Affected CI,2026-06-11 21:31:15,2026-06-17 08:49:27,ServiceNow,IT Service Management,ServiceNow IT Service Management,synthetic-servicenow,synthetic-demo,Change,All_Changes,change,updated,relationship,node-data-war-30,ad1baa598102461d2bed8e3a3e45fff0,Affected CI,incident,Affected CI,INC0010142,success,servicenow,servicenow,node-data-war-30,node-data-war-30,INC0010142,incident,incident
3a52ab773d522e80939b025dd4f3fe20,INC0010143,ab906a1a15ccb13794f89ce1d92c421f,incident,node-email-an-04,f020aeb831ab4cfb60eb834b53468a1a,Affected CI,2026-04-23 10:09:43,2026-07-11 06:26:13,ServiceNow,IT Service Management,ServiceNow IT Service Management,synthetic-servicenow,synthetic-demo,Change,All_Changes,change,updated,relationship,node-email-an-04,f020aeb831ab4cfb60eb834b53468a1a,Affected CI,incident,Affected CI,INC0010143,success,servicenow,servicenow,node-email-an-04,node-email-an-04,INC0010143,incident,incident
540cc30219ea4b0a77d0c4acdc335256,INC0010143,ab906a1a15ccb13794f89ce1d92c421f,incident,job-customer-26,d1b1c9722c58fd05998b1bfa0f7ea669,Related CI,2026-05-17 21:03:57,2026-06-19 00:32:03,ServiceNow,IT Service Management,ServiceNow IT Service Management,synthetic-servicenow,synthetic-demo,Change,All_Changes,change,updated,relationship,job-customer-26,d1b1c9722c58fd05998b1bfa0f7ea669,Related CI,incident,Related CI,INC0010143,success,servicenow,servicenow,job-customer-26,job-customer-26,INC0010143,incident,incident
3e1e53809008a272d8bd72af33fc9e06,INC0010144,b85fb0bc73bdb9e56574dd113b94fe68,incident,app-corporat-10,5714f75abe26b9832727f263d4ca5746,Affected CI,2026-05-12 17:52:41,2026-06-30 04:09:03,ServiceNow,IT Service Management,ServiceNow IT Service Management,synthetic-servicenow,synthetic-demo,Change,All_Changes,change,updated,relationship,app-corporat-10,5714f75abe26b9832727f263d4ca5746,Affected CI,incident,Affected CI,INC0010144,success,servicenow,servicenow,app-corporat-10,app-corporat-10,INC0010144,incident,incident
f8b757fb290bdcf7ccc511a47d7f6b8f,INC0010145,5129ccb4efa9b83fcf746924371428ec,incident,edr-mgmt-01,42f24baa0bd2fa27132af710260f93dc,Affected CI,2026-06-14 20:55:05,2026-06-24 23:08:16,ServiceNow,IT Service Management,ServiceNow IT Service Management,synthetic-servicenow,synthetic-demo,Change,All_Changes,change,updated,relationship,edr-mgmt-01,42f24baa0bd2fa27132af710260f93dc,Affected CI,incident,Affected CI,INC0010145,success,servicenow,servicenow,edr-mgmt-01,edr-mgmt-01,INC0010145,incident,incident
461036f1942234f8b4ab29edde55a524,INC0010146,87b87126f20faf8fc22b29d13e7606c1,incident,edr-mgmt-01,42f24baa0bd2fa27132af710260f93dc,Affected CI,2026-06-18 02:12:52,2026-06-21 21:41:34,ServiceNow,IT Service Management,ServiceNow IT Service Management,synthetic-servicenow,synthetic-demo,Change,All_Changes,change,updated,relationship,edr-mgmt-01,42f24baa0bd2fa27132af710260f93dc,Affected CI,incident,Affected CI,INC0010146,success,servicenow,servicenow,edr-mgmt-01,edr-mgmt-01,INC0010146,incident,incident
5b44d1f363c8dd94add1f42ef148c1ac,INC0010146,87b87126f20faf8fc22b29d13e7606c1,incident,job-erp-fina-15,57a5c1e9a981ff9cc122a43e1b1102e0,Related CI,2026-06-18 17:00:25,2026-07-01 05:37:35,ServiceNow,IT Service Management,ServiceNow IT Service Management,synthetic-servicenow,synthetic-demo,Change,All_Changes,change,updated,relationship,job-erp-fina-15,57a5c1e9a981ff9cc122a43e1b1102e0,Related CI,incident,Related CI,INC0010146,success,servicenow,servicenow,job-erp-fina-15,job-erp-fina-15,INC0010146,incident,incident
aa36af6440041676faa99e151e8f4cd2,INC0010147,5e802a926ab80ae6d6a68dcec955f3f7,incident,web-manufact-01,a33005b4d1ae1782797b943ab95ef79c,Affected CI,2026-05-05 05:19:31,2026-07-14 04:15:40,ServiceNow,IT Service Management,ServiceNow IT Service Management,synthetic-servicenow,synthetic-demo,Change,All_Changes,change,updated,relationship,web-manufact-01,a33005b4d1ae1782797b943ab95ef79c,Affected CI,incident,Affected CI,INC0010147,success,servicenow,servicenow,web-manufact-01,web-manufact-01,INC0010147,incident,incident
2d7bc2072ec367768c2083ddc77ad6b2,INC0010147,5e802a926ab80ae6d6a68dcec955f3f7,incident,node-email-an-04,f020aeb831ab4cfb60eb834b53468a1a,Related CI,2026-06-01 20:04:25,2026-07-13 11:12:48,ServiceNow,IT Service Management,ServiceNow IT Service Management,synthetic-servicenow,synthetic-demo,Change,All_Changes,change,updated,relationship,node-email-an-04,f020aeb831ab4cfb60eb834b53468a1a,Related CI,incident,Related CI,INC0010147,success,servicenow,servicenow,node-email-an-04,node-email-an-04,INC0010147,incident,incident
731597af3f58742669adbb4b4764d9c7,INC0010148,94110d0c40812ea53407f8e19d299f94,incident,job-card-pro-17,386b4eebd58d109acf87b74ff6612471,Affected CI,2026-06-02 10:10:42,2026-06-16 13:41:59,ServiceNow,IT Service Management,ServiceNow IT Service Management,synthetic-servicenow,synthetic-demo,Change,All_Changes,change,updated,relationship,job-card-pro-17,386b4eebd58d109acf87b74ff6612471,Affected CI,incident,Affected CI,INC0010148,success,servicenow,servicenow,job-card-pro-17,job-card-pro-17,INC0010148,incident,incident
6ca2ce211439a1268a63ae576e29d694,INC0010149,f720db25cda9eab3be061103bade2c8b,incident,fin-erp-01,a653986b8faae8b64852f29c6b0a8e90,Affected CI,2026-04-15 06:56:51,2026-06-30 11:42:39,ServiceNow,IT Service Management,ServiceNow IT Service Management,synthetic-servicenow,synthetic-demo,Change,All_Changes,change,updated,relationship,fin-erp-01,a653986b8faae8b64852f29c6b0a8e90,Affected CI,incident,Affected CI,INC0010149,success,servicenow,servicenow,fin-erp-01,fin-erp-01,INC0010149,incident,incident
e9cabdd2cd6f4f3058dcea84f9b131df,INC0010150,a9b438215173fc996348f20147fba182,incident,dw-etl-01,63917d58f9aa5a1ed5a9470f082986c6,Affected CI,2026-05-30 07:24:37,2026-06-25 17:44:26,ServiceNow,IT Service Management,ServiceNow IT Service Management,synthetic-servicenow,synthetic-demo,Change,All_Changes,change,updated,relationship,dw-etl-01,63917d58f9aa5a1ed5a9470f082986c6,Affected CI,incident,Affected CI,INC0010150,success,servicenow,servicenow,dw-etl-01,dw-etl-01,INC0010150,incident,incident
d63317619e58e1fb31d95cecdf19ecd5,CHG0030001,ec51bbaf357423b6aed26c9843beef6a,change_request,job-corporat-29,75a87fbf1f78846008d7c15c54f85a47,Planned CI,2026-05-04 12:20:17,2026-06-20 18:00:39,ServiceNow,IT Service Management,ServiceNow IT Service Management,synthetic-servicenow,synthetic-demo,Change,All_Changes,change,updated,relationship,job-corporat-29,75a87fbf1f78846008d7c15c54f85a47,Planned CI,change_request,Planned CI,CHG0030001,success,servicenow,servicenow,job-corporat-29,job-corporat-29,CHG0030001,change_request,change_request
50e16253018d3b0bd01abcf990eb05ad,CHG0030002,b408a505c3ec96dbd6ca81cdf3d827ba,change_request,app-card-pro-32,ff37d071384e9a93afad4b7b56241642,Planned CI,2026-07-03 10:05:39,2026-06-29 02:45:05,ServiceNow,IT Service Management,ServiceNow IT Service Management,synthetic-servicenow,synthetic-demo,Change,All_Changes,change,updated,relationship,app-card-pro-32,ff37d071384e9a93afad4b7b56241642,Planned CI,change_request,Planned CI,CHG0030002,success,servicenow,servicenow,app-card-pro-32,app-card-pro-32,CHG0030002,change_request,change_request
765d26ed4bd67e74c6a64b1a9cd7760b,CHG0030002,b408a505c3ec96dbd6ca81cdf3d827ba,change_request,prd-sql-pay-01,b46f6537e400dc13f571a44c9b215ef0,Impacted CI,2026-05-23 00:28:01,2026-06-15 12:12:07,ServiceNow,IT Service Management,ServiceNow IT Service Management,synthetic-servicenow,synthetic-demo,Change,All_Changes,change,updated,relationship,prd-sql-pay-01,b46f6537e400dc13f571a44c9b215ef0,Impacted CI,change_request,Impacted CI,CHG0030002,success,servicenow,servicenow,prd-sql-pay-01,prd-sql-pay-01,CHG0030002,change_request,change_request
dc2ccae823c71742ff50896c3e92665f,CHG0030003,008d5a24710c3aa60f699757a7320f9a,change_request,web-online-b-24,c6f3c5f354d54abb786380dbf66037ae,Planned CI,2026-04-29 10:59:53,2026-07-01 23:29:52,ServiceNow,IT Service Management,ServiceNow IT Service Management,synthetic-servicenow,synthetic-demo,Change,All_Changes,change,updated,relationship,web-online-b-24,c6f3c5f354d54abb786380dbf66037ae,Planned CI,change_request,Planned CI,CHG0030003,success,servicenow,servicenow,web-online-b-24,web-online-b-24,CHG0030003,change_request,change_request
630d757b1721f8fca84581188aaee012,CHG0030004,dbb1a80d62b7e967aebbe8e2f3bec4f7,change_request,edr-mgmt-01,42f24baa0bd2fa27132af710260f93dc,Planned CI,2026-06-10 21:33:26,2026-07-10 04:34:54,ServiceNow,IT Service Management,ServiceNow IT Service Management,synthetic-servicenow,synthetic-demo,Change,All_Changes,change,updated,relationship,edr-mgmt-01,42f24baa0bd2fa27132af710260f93dc,Planned CI,change_request,Planned CI,CHG0030004,success,servicenow,servicenow,edr-mgmt-01,edr-mgmt-01,CHG0030004,change_request,change_request
9c4d97ea103e91320f5a1f1107abfa39,CHG0030005,f2e0a983d1f7c0c7c012df1e0011fb13,change_request,job-customer-26,d1b1c9722c58fd05998b1bfa0f7ea669,Planned CI,2026-06-23 07:30:55,2026-06-24 06:22:17,ServiceNow,IT Service Management,ServiceNow IT Service Management,synthetic-servicenow,synthetic-demo,Change,All_Changes,change,updated,relationship,job-customer-26,d1b1c9722c58fd05998b1bfa0f7ea669,Planned CI,change_request,Planned CI,CHG0030005,success,servicenow,servicenow,job-customer-26,job-customer-26,CHG0030005,change_request,change_request
53dc3bc3df04914cd2dbb3e74d65be37,CHG0030006,4f4ba1f898b220c12f93bb8d550cf60b,change_request,db-security-08,fda2c22089df0ba31c1fd81c3f2847be,Planned CI,2026-06-25 22:50:40,2026-06-16 11:32:01,ServiceNow,IT Service Management,ServiceNow IT Service Management,synthetic-servicenow,synthetic-demo,Change,All_Changes,change,updated,relationship,db-security-08,fda2c22089df0ba31c1fd81c3f2847be,Planned CI,change_request,Planned CI,CHG0030006,success,servicenow,servicenow,db-security-08,db-security-08,CHG0030006,change_request,change_request
208995d3983f0d0f61e63ae6c1de430d,CHG0030007,f1fda27200dce358e86631ed1b8558ac,change_request,app-email-an-28,997d1812f81a72b46530089f178f94df,Planned CI,2026-05-27 12:17:30,2026-07-08 11:06:09,ServiceNow,IT Service Management,ServiceNow IT Service Management,synthetic-servicenow,synthetic-demo,Change,All_Changes,change,updated,relationship,app-email-an-28,997d1812f81a72b46530089f178f94df,Planned CI,change_request,Planned CI,CHG0030007,success,servicenow,servicenow,app-email-an-28,app-email-an-28,CHG0030007,change_request,change_request
3ef212be796d6aabccb3e4c092927515,CHG0030008,02465c1bf1650a92182239317c958c51,change_request,web-claims-p-37,c1702051b29592a20e86611e44c20223,Planned CI,2026-07-05 00:54:10,2026-07-05 19:13:35,ServiceNow,IT Service Management,ServiceNow IT Service Management,synthetic-servicenow,synthetic-demo,Change,All_Changes,change,updated,relationship,web-claims-p-37,c1702051b29592a20e86611e44c20223,Planned CI,change_request,Planned CI,CHG0030008,success,servicenow,servicenow,web-claims-p-37,web-claims-p-37,CHG0030008,change_request,change_request
07af41a9167f57ff054b1b7e623b17e4,CHG0030008,02465c1bf1650a92182239317c958c51,change_request,app-claims-p-20,0e79b2656965311fb4ce4d6779cbd17e,Impacted CI,2026-04-29 04:31:17,2026-07-10 02:35:19,ServiceNow,IT Service Management,ServiceNow IT Service Management,synthetic-servicenow,synthetic-demo,Change,All_Changes,change,updated,relationship,app-claims-p-20,0e79b2656965311fb4ce4d6779cbd17e,Impacted CI,change_request,Impacted CI,CHG0030008,success,servicenow,servicenow,app-claims-p-20,app-claims-p-20,CHG0030008,change_request,change_request
b7e592c3552c1f0f7855508cae59e86e,CHG0030009,1eaea04cbfb45b4cfe06df1e012c6117,change_request,app-email-an-19,f5a1f71df145f7a6d2b42018d8217ea1,Planned CI,2026-06-23 01:18:36,2026-06-22 06:09:04,ServiceNow,IT Service Management,ServiceNow IT Service Management,synthetic-servicenow,synthetic-demo,Change,All_Changes,change,updated,relationship,app-email-an-19,f5a1f71df145f7a6d2b42018d8217ea1,Planned CI,change_request,Planned CI,CHG0030009,success,servicenow,servicenow,app-email-an-19,app-email-an-19,CHG0030009,change_request,change_request
5582ac3809f95cf9158925814d19c407,CHG0030010,409359a6ef5506fd1cb9385d77cde9b4,change_request,web-online-b-24,c6f3c5f354d54abb786380dbf66037ae,Planned CI,2026-05-16 09:01:18,2026-07-09 17:51:51,ServiceNow,IT Service Management,ServiceNow IT Service Management,synthetic-servicenow,synthetic-demo,Change,All_Changes,change,updated,relationship,web-online-b-24,c6f3c5f354d54abb786380dbf66037ae,Planned CI,change_request,Planned CI,CHG0030010,success,servicenow,servicenow,web-online-b-24,web-online-b-24,CHG0030010,change_request,change_request
5f2225f27a315c4bc4500806cfc94821,CHG0030011,75cf0c4a51d3f0ce56ee613d449d87fd,change_request,web-claims-p-37,c1702051b29592a20e86611e44c20223,Planned CI,2026-04-27 13:05:41,2026-06-29 10:03:38,ServiceNow,IT Service Management,ServiceNow IT Service Management,synthetic-servicenow,synthetic-demo,Change,All_Changes,change,updated,relationship,web-claims-p-37,c1702051b29592a20e86611e44c20223,Planned CI,change_request,Planned CI,CHG0030011,success,servicenow,servicenow,web-claims-p-37,web-claims-p-37,CHG0030011,change_request,change_request
7eb9231a18b7b37e0b47d1bdba5c3470,CHG0030012,fe2b5d7c5234d010d0c5e585c149d082,change_request,mail-edge-01,c4ef9902012b16477288a947e42f2778,Planned CI,2026-05-25 16:59:27,2026-07-02 07:32:58,ServiceNow,IT Service Management,ServiceNow IT Service Management,synthetic-servicenow,synthetic-demo,Change,All_Changes,change,updated,relationship,mail-edge-01,c4ef9902012b16477288a947e42f2778,Planned CI,change_request,Planned CI,CHG0030012,success,servicenow,servicenow,mail-edge-01,mail-edge-01,CHG0030012,change_request,change_request
6b4c3ae262e80f2712733f4de06d94e2,CHG0030012,fe2b5d7c5234d010d0c5e585c149d082,change_request,app-email-an-28,997d1812f81a72b46530089f178f94df,Impacted CI,2026-04-23 00:21:29,2026-07-12 04:14:36,ServiceNow,IT Service Management,ServiceNow IT Service Management,synthetic-servicenow,synthetic-demo,Change,All_Changes,change,updated,relationship,app-email-an-28,997d1812f81a72b46530089f178f94df,Impacted CI,change_request,Impacted CI,CHG0030012,success,servicenow,servicenow,app-email-an-28,app-email-an-28,CHG0030012,change_request,change_request
ed1f78b2d940c73887c89eac4292824e,CHG0030013,87b6df328e48dae8f7a0ff61d47e63e7,change_request,app-data-war-22,8063ba03b3abb3947ffd7697f2f18f65,Planned CI,2026-07-10 02:55:41,2026-07-06 09:38:08,ServiceNow,IT Service Management,ServiceNow IT Service Management,synthetic-servicenow,synthetic-demo,Change,All_Changes,change,updated,relationship,app-data-war-22,8063ba03b3abb3947ffd7697f2f18f65,Planned CI,change_request,Planned CI,CHG0030013,success,servicenow,servicenow,app-data-war-22,app-data-war-22,CHG0030013,change_request,change_request
8c5e6423009246c759be960df170392d,CHG0030013,87b6df328e48dae8f7a0ff61d47e63e7,change_request,app-data-war-22,8063ba03b3abb3947ffd7697f2f18f65,Impacted CI,2026-05-21 18:24:17,2026-07-06 11:56:42,ServiceNow,IT Service Management,ServiceNow IT Service Management,synthetic-servicenow,synthetic-demo,Change,All_Changes,change,updated,relationship,app-data-war-22,8063ba03b3abb3947ffd7697f2f18f65,Impacted CI,change_request,Impacted CI,CHG0030013,success,servicenow,servicenow,app-data-war-22,app-data-war-22,CHG0030013,change_request,change_request
c2e009ee470f9fd4d2aab12a970f18c2,CHG0030014,74f98bb055180448b88b1eca654c0a21,change_request,web-card-pro-36,c5bfb8e82bf24f85560f8f4d1942dce4,Planned CI,2026-04-22 21:47:23,2026-07-10 05:07:12,ServiceNow,IT Service Management,ServiceNow IT Service Management,synthetic-servicenow,synthetic-demo,Change,All_Changes,change,updated,relationship,web-card-pro-36,c5bfb8e82bf24f85560f8f4d1942dce4,Planned CI,change_request,Planned CI,CHG0030014,success,servicenow,servicenow,web-card-pro-36,web-card-pro-36,CHG0030014,change_request,change_request
6385ab7574e2d25faff8fa390442e0ea,CHG0030014,74f98bb055180448b88b1eca654c0a21,change_request,prd-sql-pay-01,b46f6537e400dc13f571a44c9b215ef0,Impacted CI,2026-06-05 07:54:14,2026-07-08 12:45:47,ServiceNow,IT Service Management,ServiceNow IT Service Management,synthetic-servicenow,synthetic-demo,Change,All_Changes,change,updated,relationship,prd-sql-pay-01,b46f6537e400dc13f571a44c9b215ef0,Impacted CI,change_request,Impacted CI,CHG0030014,success,servicenow,servicenow,prd-sql-pay-01,prd-sql-pay-01,CHG0030014,change_request,change_request
71dc681a1e57198d4386f7d63cc2559b,CHG0030015,c15923d33177f88f72023261dc768b2f,change_request,mail-edge-01,c4ef9902012b16477288a947e42f2778,Planned CI,2026-06-04 08:37:05,2026-06-29 06:30:49,ServiceNow,IT Service Management,ServiceNow IT Service Management,synthetic-servicenow,synthetic-demo,Change,All_Changes,change,updated,relationship,mail-edge-01,c4ef9902012b16477288a947e42f2778,Planned CI,change_request,Planned CI,CHG0030015,success,servicenow,servicenow,mail-edge-01,mail-edge-01,CHG0030015,change_request,change_request
364d794ff1a647d1f0da926df0e72788,CHG0030016,5cca55719810c316fbef94f1b2f03432,change_request,app-corporat-07,893387f59d76be4111a1edf048e0a384,Planned CI,2026-06-24 08:19:40,2026-07-09 03:44:14,ServiceNow,IT Service Management,ServiceNow IT Service Management,synthetic-servicenow,synthetic-demo,Change,All_Changes,change,updated,relationship,app-corporat-07,893387f59d76be4111a1edf048e0a384,Planned CI,change_request,Planned CI,CHG0030016,success,servicenow,servicenow,app-corporat-07,app-corporat-07,CHG0030016,change_request,change_request
7eeaadbd2bcc9d76947b26236c3b71e8,CHG0030017,ffe7046a349cd1049edf1d3906f8a263,change_request,idp-prd-01,46c3c0bb7f6c8c28c4507ffb8fd5c53b,Planned CI,2026-05-27 06:24:13,2026-06-22 20:33:29,ServiceNow,IT Service Management,ServiceNow IT Service Management,synthetic-servicenow,synthetic-demo,Change,All_Changes,change,updated,relationship,idp-prd-01,46c3c0bb7f6c8c28c4507ffb8fd5c53b,Planned CI,change_request,Planned CI,CHG0030017,success,servicenow,servicenow,idp-prd-01,idp-prd-01,CHG0030017,change_request,change_request
e81423d103f990483dfd6c859a0f0c3b,CHG0030018,fcabeec6e09b8f034d47c21c976d2db4,change_request,web-data-war-14,a054a2ebbb79e0a91706d8bd71530456,Planned CI,2026-06-13 05:33:49,2026-07-04 17:23:06,ServiceNow,IT Service Management,ServiceNow IT Service Management,synthetic-servicenow,synthetic-demo,Change,All_Changes,change,updated,relationship,web-data-war-14,a054a2ebbb79e0a91706d8bd71530456,Planned CI,change_request,Planned CI,CHG0030018,success,servicenow,servicenow,web-data-war-14,web-data-war-14,CHG0030018,change_request,change_request
51d4085a1dad198f396fe2b1fc92840b,CHG0030018,fcabeec6e09b8f034d47c21c976d2db4,change_request,lt-data-war-34,14df9ca44d012942a311510c1de78da3,Impacted CI,2026-07-11 07:44:23,2026-07-14 19:21:55,ServiceNow,IT Service Management,ServiceNow IT Service Management,synthetic-servicenow,synthetic-demo,Change,All_Changes,change,updated,relationship,lt-data-war-34,14df9ca44d012942a311510c1de78da3,Impacted CI,change_request,Impacted CI,CHG0030018,success,servicenow,servicenow,lt-data-war-34,lt-data-war-34,CHG0030018,change_request,change_request
6760cabfa403cc94c651140344cbbecd,CHG0030019,c8cf8f27fd816df712230365b8604601,change_request,job-customer-25,c1ef67fd0e23e6accb2281f890988a66,Planned CI,2026-07-02 21:38:44,2026-06-16 01:22:17,ServiceNow,IT Service Management,ServiceNow IT Service Management,synthetic-servicenow,synthetic-demo,Change,All_Changes,change,updated,relationship,job-customer-25,c1ef67fd0e23e6accb2281f890988a66,Planned CI,change_request,Planned CI,CHG0030019,success,servicenow,servicenow,job-customer-25,job-customer-25,CHG0030019,change_request,change_request
1b2b925a185db96459a534599a178bf9,CHG0030020,1716d769abdd8181058a0d405b9cac00,change_request,web-manufact-01,a33005b4d1ae1782797b943ab95ef79c,Planned CI,2026-07-01 18:22:29,2026-07-06 04:28:20,ServiceNow,IT Service Management,ServiceNow IT Service Management,synthetic-servicenow,synthetic-demo,Change,All_Changes,change,updated,relationship,web-manufact-01,a33005b4d1ae1782797b943ab95ef79c,Planned CI,change_request,Planned CI,CHG0030020,success,servicenow,servicenow,web-manufact-01,web-manufact-01,CHG0030020,change_request,change_request
fdea080b64556fb30596effa08536e3e,CHG0030021,be70900dd27c94a96ccdc664ab22fd13,change_request,app-email-an-28,997d1812f81a72b46530089f178f94df,Planned CI,2026-07-02 16:18:27,2026-06-26 19:54:47,ServiceNow,IT Service Management,ServiceNow IT Service Management,synthetic-servicenow,synthetic-demo,Change,All_Changes,change,updated,relationship,app-email-an-28,997d1812f81a72b46530089f178f94df,Planned CI,change_request,Planned CI,CHG0030021,success,servicenow,servicenow,app-email-an-28,app-email-an-28,CHG0030021,change_request,change_request
f876cc5c3c7499c1c4694d1b641474fa,CHG0030022,31302db420a1edc1ac480a9f274537e6,change_request,lt-corporat-33,04bd1a7a479b2dd5696b9afcd2bb12f0,Planned CI,2026-06-29 07:16:13,2026-07-01 00:29:29,ServiceNow,IT Service Management,ServiceNow IT Service Management,synthetic-servicenow,synthetic-demo,Change,All_Changes,change,updated,relationship,lt-corporat-33,04bd1a7a479b2dd5696b9afcd2bb12f0,Planned CI,change_request,Planned CI,CHG0030022,success,servicenow,servicenow,lt-corporat-33,lt-corporat-33,CHG0030022,change_request,change_request
25f45e6cb96e844d29a520f269a369fe,CHG0030023,7fad88bdd492dd24822989fdc7b330df,change_request,web-online-b-24,c6f3c5f354d54abb786380dbf66037ae,Planned CI,2026-05-16 19:55:04,2026-06-27 12:55:02,ServiceNow,IT Service Management,ServiceNow IT Service Management,synthetic-servicenow,synthetic-demo,Change,All_Changes,change,updated,relationship,web-online-b-24,c6f3c5f354d54abb786380dbf66037ae,Planned CI,change_request,Planned CI,CHG0030023,success,servicenow,servicenow,web-online-b-24,web-online-b-24,CHG0030023,change_request,change_request
0efc859516e2a800a09f20043b7ccaec,CHG0030024,6565defcca3531825f900a690b7d7584,change_request,app-data-war-22,8063ba03b3abb3947ffd7697f2f18f65,Planned CI,2026-04-28 16:01:44,2026-06-29 16:04:36,ServiceNow,IT Service Management,ServiceNow IT Service Management,synthetic-servicenow,synthetic-demo,Change,All_Changes,change,updated,relationship,app-data-war-22,8063ba03b3abb3947ffd7697f2f18f65,Planned CI,change_request,Planned CI,CHG0030024,success,servicenow,servicenow,app-data-war-22,app-data-war-22,CHG0030024,change_request,change_request
6789010e3a3f2bb5b8f61fcb91b0ae2e,CHG0030024,6565defcca3531825f900a690b7d7584,change_request,dw-etl-01,63917d58f9aa5a1ed5a9470f082986c6,Impacted CI,2026-04-19 08:05:50,2026-07-09 12:47:13,ServiceNow,IT Service Management,ServiceNow IT Service Management,synthetic-servicenow,synthetic-demo,Change,All_Changes,change,updated,relationship,dw-etl-01,63917d58f9aa5a1ed5a9470f082986c6,Impacted CI,change_request,Impacted CI,CHG0030024,success,servicenow,servicenow,dw-etl-01,dw-etl-01,CHG0030024,change_request,change_request
da03bf48a358bef6e8ed9763f368511e,CHG0030025,8a54025d0c63c4ffe053cc890c709dde,change_request,db-security-11,be473a053026fd67eaf67a0378bb101c,Planned CI,2026-05-23 14:04:43,2026-06-30 02:15:46,ServiceNow,IT Service Management,ServiceNow IT Service Management,synthetic-servicenow,synthetic-demo,Change,All_Changes,change,updated,relationship,db-security-11,be473a053026fd67eaf67a0378bb101c,Planned CI,change_request,Planned CI,CHG0030025,success,servicenow,servicenow,db-security-11,db-security-11,CHG0030025,change_request,change_request
1a43b77c180329587709497ac16866b9,CHG0030026,f2586d1553bbde1bd9cd409444587cb8,change_request,node-claims-p-18,1fa62e7b602dfae96943c96a0d57e23e,Planned CI,2026-07-01 19:25:07,2026-07-06 09:37:26,ServiceNow,IT Service Management,ServiceNow IT Service Management,synthetic-servicenow,synthetic-demo,Change,All_Changes,change,updated,relationship,node-claims-p-18,1fa62e7b602dfae96943c96a0d57e23e,Planned CI,change_request,Planned CI,CHG0030026,success,servicenow,servicenow,node-claims-p-18,node-claims-p-18,CHG0030026,change_request,change_request
db0b484539d3da1eb5fd699eb87990f4,CHG0030026,f2586d1553bbde1bd9cd409444587cb8,change_request,claims-web-03,8aa67e00ef7e5e5281d8ef6cb76f987c,Impacted CI,2026-06-01 09:14:37,2026-06-19 11:52:33,ServiceNow,IT Service Management,ServiceNow IT Service Management,synthetic-servicenow,synthetic-demo,Change,All_Changes,change,updated,relationship,claims-web-03,8aa67e00ef7e5e5281d8ef6cb76f987c,Impacted CI,change_request,Impacted CI,CHG0030026,success,servicenow,servicenow,claims-web-03,claims-web-03,CHG0030026,change_request,change_request
7322f3f0271ea67ce4307388006138de,CHG0030027,1f2fcff4186353e7b013a7baa4459a18,change_request,job-email-an-27,31babf6cd0ac5fec529e644c7de30552,Planned CI,2026-07-13 23:40:46,2026-07-08 23:28:51,ServiceNow,IT Service Management,ServiceNow IT Service Management,synthetic-servicenow,synthetic-demo,Change,All_Changes,change,updated,relationship,job-email-an-27,31babf6cd0ac5fec529e644c7de30552,Planned CI,change_request,Planned CI,CHG0030027,success,servicenow,servicenow,job-email-an-27,job-email-an-27,CHG0030027,change_request,change_request
434d8b0607ec206f281164ade056b93e,CHG0030028,936f7d7fae3113c601731b7294feca0a,change_request,web-card-pro-21,316c7bc46c052640dbd2bc9e39b76fa3,Planned CI,2026-05-15 19:54:41,2026-07-07 01:17:36,ServiceNow,IT Service Management,ServiceNow IT Service Management,synthetic-servicenow,synthetic-demo,Change,All_Changes,change,updated,relationship,web-card-pro-21,316c7bc46c052640dbd2bc9e39b76fa3,Planned CI,change_request,Planned CI,CHG0030028,success,servicenow,servicenow,web-card-pro-21,web-card-pro-21,CHG0030028,change_request,change_request
8c7ec1d63367a5cafb46fb9dc0b2594c,CHG0030029,3e898342c051b821f0bd404ee55c51b4,change_request,job-customer-25,c1ef67fd0e23e6accb2281f890988a66,Planned CI,2026-04-30 22:59:05,2026-06-14 12:47:03,ServiceNow,IT Service Management,ServiceNow IT Service Management,synthetic-servicenow,synthetic-demo,Change,All_Changes,change,updated,relationship,job-customer-25,c1ef67fd0e23e6accb2281f890988a66,Planned CI,change_request,Planned CI,CHG0030029,success,servicenow,servicenow,job-customer-25,job-customer-25,CHG0030029,change_request,change_request
4d4cc73b132f792dbddba56a6cb33160,CHG0030030,54719169f9118784a905a862b8acedb0,change_request,web-customer-16,bc23b1ec70c622bd36b962e8ca71dbc7,Planned CI,2026-05-23 08:26:39,2026-06-16 12:47:27,ServiceNow,IT Service Management,ServiceNow IT Service Management,synthetic-servicenow,synthetic-demo,Change,All_Changes,change,updated,relationship,web-customer-16,bc23b1ec70c622bd36b962e8ca71dbc7,Planned CI,change_request,Planned CI,CHG0030030,success,servicenow,servicenow,web-customer-16,web-customer-16,CHG0030030,change_request,change_request
b0e5ce2fff2020c57d1e5fc215a0f508,CHG0030031,d4b13bde4938f8281235ff7602a0eeef,change_request,app-erp-fina-38,291715e5e2ad5712395de74d7412827b,Planned CI,2026-05-13 14:08:07,2026-07-01 12:56:39,ServiceNow,IT Service Management,ServiceNow IT Service Management,synthetic-servicenow,synthetic-demo,Change,All_Changes,change,updated,relationship,app-erp-fina-38,291715e5e2ad5712395de74d7412827b,Planned CI,change_request,Planned CI,CHG0030031,success,servicenow,servicenow,app-erp-fina-38,app-erp-fina-38,CHG0030031,change_request,change_request
be5ed8857e1ce058080019388d4808ef,CHG0030031,d4b13bde4938f8281235ff7602a0eeef,change_request,lt-erp-fina-06,64ed079b57c5ed2020d0ec2042650e54,Impacted CI,2026-05-09 06:52:04,2026-06-18 22:01:52,ServiceNow,IT Service Management,ServiceNow IT Service Management,synthetic-servicenow,synthetic-demo,Change,All_Changes,change,updated,relationship,lt-erp-fina-06,64ed079b57c5ed2020d0ec2042650e54,Impacted CI,change_request,Impacted CI,CHG0030031,success,servicenow,servicenow,lt-erp-fina-06,lt-erp-fina-06,CHG0030031,change_request,change_request
0c6ee6b41808b34abe264f99a43e6ed2,CHG0030032,8d157785c927d2be6a9e717269971d6d,change_request,prd-sql-pay-02,a0dfc1835a7503b94937e93261c33728,Planned CI,2026-07-10 08:15:54,2026-06-20 19:11:32,ServiceNow,IT Service Management,ServiceNow IT Service Management,synthetic-servicenow,synthetic-demo,Change,All_Changes,change,updated,relationship,prd-sql-pay-02,a0dfc1835a7503b94937e93261c33728,Planned CI,change_request,Planned CI,CHG0030032,success,servicenow,servicenow,prd-sql-pay-02,prd-sql-pay-02,CHG0030032,change_request,change_request
0dd9a37e5e64f21344f79fee6fc4d4e6,CHG0030033,cc95b862637f4fc74bd1222a44b01af0,change_request,mes-hmi-07,888c8c94b86dc1fa33058ab512032693,Planned CI,2026-06-10 11:43:38,2026-07-10 03:06:36,ServiceNow,IT Service Management,ServiceNow IT Service Management,synthetic-servicenow,synthetic-demo,Change,All_Changes,change,updated,relationship,mes-hmi-07,888c8c94b86dc1fa33058ab512032693,Planned CI,change_request,Planned CI,CHG0030033,success,servicenow,servicenow,mes-hmi-07,mes-hmi-07,CHG0030033,change_request,change_request
e2bdfd6be499911d15809e91a0d0c710,CHG0030034,f09195f439b3e43301d139f80c627f42,change_request,idp-prd-01,46c3c0bb7f6c8c28c4507ffb8fd5c53b,Planned CI,2026-04-29 09:13:17,2026-06-16 14:31:43,ServiceNow,IT Service Management,ServiceNow IT Service Management,synthetic-servicenow,synthetic-demo,Change,All_Changes,change,updated,relationship,idp-prd-01,46c3c0bb7f6c8c28c4507ffb8fd5c53b,Planned CI,change_request,Planned CI,CHG0030034,success,servicenow,servicenow,idp-prd-01,idp-prd-01,CHG0030034,change_request,change_request
75e10c90eb36e55902ded77e4b61592c,CHG0030035,2383c9316334059b71542b2c9650af56,change_request,lt-customer-12,78655c4d5313d8ea1fbeced5c4bac632,Planned CI,2026-07-12 22:25:59,2026-07-05 03:30:13,ServiceNow,IT Service Management,ServiceNow IT Service Management,synthetic-servicenow,synthetic-demo,Change,All_Changes,change,updated,relationship,lt-customer-12,78655c4d5313d8ea1fbeced5c4bac632,Planned CI,change_request,Planned CI,CHG0030035,success,servicenow,servicenow,lt-customer-12,lt-customer-12,CHG0030035,change_request,change_request
b07820b01a52957d7a65d4e127b1cbfd,CHG0030035,2383c9316334059b71542b2c9650af56,change_request,web-customer-23,c7df96e9605e8eabb94a8771923912d5,Impacted CI,2026-06-12 09:21:28,2026-06-30 03:55:58,ServiceNow,IT Service Management,ServiceNow IT Service Management,synthetic-servicenow,synthetic-demo,Change,All_Changes,change,updated,relationship,web-customer-23,c7df96e9605e8eabb94a8771923912d5,Impacted CI,change_request,Impacted CI,CHG0030035,success,servicenow,servicenow,web-customer-23,web-customer-23,CHG0030035,change_request,change_request
169cf0f052e9eab842cfd5b2104cecea,CHG0030036,855ad6928d3b250d82c21479604c200b,change_request,prd-pay-api-02,6f88d5919c6abcfd31a28213f67e3650,Planned CI,2026-06-17 02:10:44,2026-07-06 21:19:22,ServiceNow,IT Service Management,ServiceNow IT Service Management,synthetic-servicenow,synthetic-demo,Change,All_Changes,change,updated,relationship,prd-pay-api-02,6f88d5919c6abcfd31a28213f67e3650,Planned CI,change_request,Planned CI,CHG0030036,success,servicenow,servicenow,prd-pay-api-02,prd-pay-api-02,CHG0030036,change_request,change_request
840b535b563eb24d32132c8d45faa202,CHG0030037,e839938da71aa3d8a32fc5df60b9f24f,change_request,app-claims-p-20,0e79b2656965311fb4ce4d6779cbd17e,Planned CI,2026-04-24 06:53:38,2026-07-05 17:09:21,ServiceNow,IT Service Management,ServiceNow IT Service Management,synthetic-servicenow,synthetic-demo,Change,All_Changes,change,updated,relationship,app-claims-p-20,0e79b2656965311fb4ce4d6779cbd17e,Planned CI,change_request,Planned CI,CHG0030037,success,servicenow,servicenow,app-claims-p-20,app-claims-p-20,CHG0030037,change_request,change_request
631ff0115d67117b5fc3509e1117d9d5,CHG0030038,ffcd493eb99bfdc2af51933e67178345,change_request,waf-edge-02,845afaca9bb03648b7986a5f0c89b163,Planned CI,2026-07-06 00:45:28,2026-06-15 15:05:44,ServiceNow,IT Service Management,ServiceNow IT Service Management,synthetic-servicenow,synthetic-demo,Change,All_Changes,change,updated,relationship,waf-edge-02,845afaca9bb03648b7986a5f0c89b163,Planned CI,change_request,Planned CI,CHG0030038,success,servicenow,servicenow,waf-edge-02,waf-edge-02,CHG0030038,change_request,change_request
cd0727a7164423b1aba9f2c4ad286c30,CHG0030039,1571c58711d5e98ae30f8e96a66219e9,change_request,job-customer-05,3578f208b3b4589d65e6ab257dae3a4d,Planned CI,2026-07-10 04:20:33,2026-07-11 04:09:33,ServiceNow,IT Service Management,ServiceNow IT Service Management,synthetic-servicenow,synthetic-demo,Change,All_Changes,change,updated,relationship,job-customer-05,3578f208b3b4589d65e6ab257dae3a4d,Planned CI,change_request,Planned CI,CHG0030039,success,servicenow,servicenow,job-customer-05,job-customer-05,CHG0030039,change_request,change_request
71536301ab00fa7c8ff2ab889aee4dbc,CHG0030040,e8116ea7487b43a5b7253918491541fa,change_request,db-security-11,be473a053026fd67eaf67a0378bb101c,Planned CI,2026-04-16 07:02:36,2026-06-19 19:04:06,ServiceNow,IT Service Management,ServiceNow IT Service Management,synthetic-servicenow,synthetic-demo,Change,All_Changes,change,updated,relationship,db-security-11,be473a053026fd67eaf67a0378bb101c,Planned CI,change_request,Planned CI,CHG0030040,success,servicenow,servicenow,db-security-11,db-security-11,CHG0030040,change_request,change_request
b704679618f744659a346947c6e3f8c8,CHG0030041,a0668345bc6aa02e1a403cb1aec0b828,change_request,prd-sql-pay-02,a0dfc1835a7503b94937e93261c33728,Planned CI,2026-04-27 08:01:16,2026-07-06 20:21:42,ServiceNow,IT Service Management,ServiceNow IT Service Management,synthetic-servicenow,synthetic-demo,Change,All_Changes,change,updated,relationship,prd-sql-pay-02,a0dfc1835a7503b94937e93261c33728,Planned CI,change_request,Planned CI,CHG0030041,success,servicenow,servicenow,prd-sql-pay-02,prd-sql-pay-02,CHG0030041,change_request,change_request
78bf50f2af8359c2217122b9002fca1a,CHG0030042,980ecbd932bbb358165f9bd4237c14a9,change_request,mes-hmi-07,888c8c94b86dc1fa33058ab512032693,Planned CI,2026-07-14 02:34:52,2026-07-12 03:03:56,ServiceNow,IT Service Management,ServiceNow IT Service Management,synthetic-servicenow,synthetic-demo,Change,All_Changes,change,updated,relationship,mes-hmi-07,888c8c94b86dc1fa33058ab512032693,Planned CI,change_request,Planned CI,CHG0030042,success,servicenow,servicenow,mes-hmi-07,mes-hmi-07,CHG0030042,change_request,change_request
192383c3c378c299ff78f944b79c5de6,CHG0030043,dc126a96a10414d459e0bd0c396cc3c3,change_request,app-email-an-19,f5a1f71df145f7a6d2b42018d8217ea1,Planned CI,2026-05-18 06:05:50,2026-06-23 20:45:06,ServiceNow,IT Service Management,ServiceNow IT Service Management,synthetic-servicenow,synthetic-demo,Change,All_Changes,change,updated,relationship,app-email-an-19,f5a1f71df145f7a6d2b42018d8217ea1,Planned CI,change_request,Planned CI,CHG0030043,success,servicenow,servicenow,app-email-an-19,app-email-an-19,CHG0030043,change_request,change_request
26d93cded9def822f8a7413f50d59a99,CHG0030044,4a5e6d388b2cb6551af4ded27aed71e0,change_request,app-corporat-07,893387f59d76be4111a1edf048e0a384,Planned CI,2026-05-20 05:35:48,2026-07-08 11:45:50,ServiceNow,IT Service Management,ServiceNow IT Service Management,synthetic-servicenow,synthetic-demo,Change,All_Changes,change,updated,relationship,app-corporat-07,893387f59d76be4111a1edf048e0a384,Planned CI,change_request,Planned CI,CHG0030044,success,servicenow,servicenow,app-corporat-07,app-corporat-07,CHG0030044,change_request,change_request
804dbba6a62e60d394f9ed8c6549eb0b,CHG0030044,4a5e6d388b2cb6551af4ded27aed71e0,change_request,lt-corporat-33,04bd1a7a479b2dd5696b9afcd2bb12f0,Impacted CI,2026-05-26 14:04:05,2026-07-13 07:35:28,ServiceNow,IT Service Management,ServiceNow IT Service Management,synthetic-servicenow,synthetic-demo,Change,All_Changes,change,updated,relationship,lt-corporat-33,04bd1a7a479b2dd5696b9afcd2bb12f0,Impacted CI,change_request,Impacted CI,CHG0030044,success,servicenow,servicenow,lt-corporat-33,lt-corporat-33,CHG0030044,change_request,change_request
59baa73f10622a1812b66ae28c0a82cb,CHG0030045,41da3c698cc8575f79f360912ce3fc84,change_request,app-email-an-19,f5a1f71df145f7a6d2b42018d8217ea1,Planned CI,2026-05-24 07:07:32,2026-07-06 02:01:18,ServiceNow,IT Service Management,ServiceNow IT Service Management,synthetic-servicenow,synthetic-demo,Change,All_Changes,change,updated,relationship,app-email-an-19,f5a1f71df145f7a6d2b42018d8217ea1,Planned CI,change_request,Planned CI,CHG0030045,success,servicenow,servicenow,app-email-an-19,app-email-an-19,CHG0030045,change_request,change_request
4fe40a9369fd8cd65f9e2cdd316b51a8,CHG0030045,41da3c698cc8575f79f360912ce3fc84,change_request,web-email-an-13,35ae6d910a6125127c3d4e316c3f3eba,Impacted CI,2026-06-13 09:22:07,2026-06-18 17:05:01,ServiceNow,IT Service Management,ServiceNow IT Service Management,synthetic-servicenow,synthetic-demo,Change,All_Changes,change,updated,relationship,web-email-an-13,35ae6d910a6125127c3d4e316c3f3eba,Impacted CI,change_request,Impacted CI,CHG0030045,success,servicenow,servicenow,web-email-an-13,web-email-an-13,CHG0030045,change_request,change_request
